Wind power DK prognosis in MWh;;;
Data was last updated 13-04-2019;;;
;Hours;DK1;DK2
01/01/2019;00 - 01;3510;978
01/01/2019;01 - 02;3535;1017
01/01/2019;02 - 03;3421;1015
01/01/2019;03 - 04;3213;991
01/01/2019;04 - 05;3222;984
01/01/2019;05 - 06;3306;1032
01/01/2019;06 - 07;3290;1057
01/01/2019;07 - 08;3157;1049
01/01/2019;08 - 09;2953;1012
01/01/2019;09 - 10;2848;990
01/01/2019;10 - 11;2937;1025
01/01/2019;11 - 12;2957;998
01/01/2019;12 - 13;2939;994
01/01/2019;13 - 14;2909;969
01/01/2019;14 - 15;2930;943
01/01/2019;15 - 16;2985;963
01/01/2019;16 - 17;3069;980
01/01/2019;17 - 18;3199;1005
01/01/2019;18 - 19;3318;1040
01/01/2019;19 - 20;3502;1077
01/01/2019;20 - 21;3496;1067
01/01/2019;21 - 22;3370;1032
01/01/2019;22 - 23;3370;1024
01/01/2019;23 - 00;3429;1040
02/01/2019;00 - 01;2833;1005
02/01/2019;01 - 02;2876;1014
02/01/2019;02 - 03;2795;981
02/01/2019;03 - 04;2661;936
02/01/2019;04 - 05;3158;976
02/01/2019;05 - 06;3301;1016
02/01/2019;06 - 07;3288;1045
02/01/2019;07 - 08;3159;1039
02/01/2019;08 - 09;2862;988
02/01/2019;09 - 10;2530;945
02/01/2019;10 - 11;2402;976
02/01/2019;11 - 12;2252;997
02/01/2019;12 - 13;2096;1010
02/01/2019;13 - 14;1858;976
02/01/2019;14 - 15;1575;942
02/01/2019;15 - 16;1339;907
02/01/2019;16 - 17;1185;849
02/01/2019;17 - 18;1083;747
02/01/2019;18 - 19;1006;625
02/01/2019;19 - 20;953;539
02/01/2019;20 - 21;886;472
02/01/2019;21 - 22;784;423
02/01/2019;22 - 23;845;422
02/01/2019;23 - 00;854;420
03/01/2019;00 - 01;759;389
03/01/2019;01 - 02;722;414
03/01/2019;02 - 03;740;415
03/01/2019;03 - 04;739;432
03/01/2019;04 - 05;763;428
03/01/2019;05 - 06;794;414
03/01/2019;06 - 07;853;447
03/01/2019;07 - 08;884;478
03/01/2019;08 - 09;861;461
03/01/2019;09 - 10;844;430
03/01/2019;10 - 11;723;381
03/01/2019;11 - 12;601;316
03/01/2019;12 - 13;528;278
03/01/2019;13 - 14;442;241
03/01/2019;14 - 15;385;174
03/01/2019;15 - 16;383;108
03/01/2019;16 - 17;479;78
03/01/2019;17 - 18;663;57
03/01/2019;18 - 19;875;53
03/01/2019;19 - 20;1102;89
03/01/2019;20 - 21;1328;147
03/01/2019;21 - 22;1494;200
03/01/2019;22 - 23;1740;208
03/01/2019;23 - 00;1984;244
04/01/2019;00 - 01;2091;331
04/01/2019;01 - 02;2349;393
04/01/2019;02 - 03;2450;496
04/01/2019;03 - 04;2435;580
04/01/2019;04 - 05;2409;610
04/01/2019;05 - 06;2410;633
04/01/2019;06 - 07;2367;687
04/01/2019;07 - 08;2288;699
04/01/2019;08 - 09;2274;654
04/01/2019;09 - 10;2264;630
04/01/2019;10 - 11;2368;604
04/01/2019;11 - 12;2407;554
04/01/2019;12 - 13;2552;528
04/01/2019;13 - 14;2626;499
04/01/2019;14 - 15;2787;465
04/01/2019;15 - 16;2903;485
04/01/2019;16 - 17;2994;542
04/01/2019;17 - 18;3010;593
04/01/2019;18 - 19;2965;667
04/01/2019;19 - 20;3016;707
04/01/2019;20 - 21;2944;674
04/01/2019;21 - 22;2819;631
04/01/2019;22 - 23;2824;644
04/01/2019;23 - 00;2841;645
05/01/2019;00 - 01;2774;563
05/01/2019;01 - 02;2690;569
05/01/2019;02 - 03;2495;545
05/01/2019;03 - 04;2230;515
05/01/2019;04 - 05;2145;470
05/01/2019;05 - 06;2105;454
05/01/2019;06 - 07;1962;499
05/01/2019;07 - 08;1707;523
05/01/2019;08 - 09;1409;505
05/01/2019;09 - 10;1169;462
05/01/2019;10 - 11;961;334
05/01/2019;11 - 12;735;270
05/01/2019;12 - 13;617;289
05/01/2019;13 - 14;546;307
05/01/2019;14 - 15;459;220
05/01/2019;15 - 16;391;155
05/01/2019;16 - 17;311;118
05/01/2019;17 - 18;269;81
05/01/2019;18 - 19;247;64
05/01/2019;19 - 20;253;60
05/01/2019;20 - 21;278;53
05/01/2019;21 - 22;303;41
05/01/2019;22 - 23;307;33
05/01/2019;23 - 00;279;23
06/01/2019;00 - 01;90;10
06/01/2019;01 - 02;98;9
06/01/2019;02 - 03;117;6
06/01/2019;03 - 04;123;6
06/01/2019;04 - 05;135;6
06/01/2019;05 - 06;160;6
06/01/2019;06 - 07;176;11
06/01/2019;07 - 08;203;12
06/01/2019;08 - 09;263;17
06/01/2019;09 - 10;354;32
06/01/2019;10 - 11;451;55
06/01/2019;11 - 12;557;59
06/01/2019;12 - 13;671;55
06/01/2019;13 - 14;736;55
06/01/2019;14 - 15;773;63
06/01/2019;15 - 16;789;72
06/01/2019;16 - 17;812;82
06/01/2019;17 - 18;853;83
06/01/2019;18 - 19;887;84
06/01/2019;19 - 20;910;90
06/01/2019;20 - 21;857;106
06/01/2019;21 - 22;779;120
06/01/2019;22 - 23;751;142
06/01/2019;23 - 00;768;158
07/01/2019;00 - 01;746;105
07/01/2019;01 - 02;729;101
07/01/2019;02 - 03;722;98
07/01/2019;03 - 04;715;101
07/01/2019;04 - 05;692;88
07/01/2019;05 - 06;725;73
07/01/2019;06 - 07;753;73
07/01/2019;07 - 08;744;92
07/01/2019;08 - 09;727;147
07/01/2019;09 - 10;785;222
07/01/2019;10 - 11;833;277
07/01/2019;11 - 12;886;300
07/01/2019;12 - 13;1027;306
07/01/2019;13 - 14;1296;306
07/01/2019;14 - 15;1739;326
07/01/2019;15 - 16;2291;353
07/01/2019;16 - 17;2810;432
07/01/2019;17 - 18;3233;625
07/01/2019;18 - 19;3372;829
07/01/2019;19 - 20;3407;960
07/01/2019;20 - 21;3221;989
07/01/2019;21 - 22;2946;960
07/01/2019;22 - 23;2832;929
07/01/2019;23 - 00;2843;888
08/01/2019;00 - 01;3199;862
08/01/2019;01 - 02;3018;870
08/01/2019;02 - 03;2720;897
08/01/2019;03 - 04;2509;915
08/01/2019;04 - 05;2436;906
08/01/2019;05 - 06;2618;908
08/01/2019;06 - 07;2783;884
08/01/2019;07 - 08;2947;832
08/01/2019;08 - 09;3019;809
08/01/2019;09 - 10;2944;823
08/01/2019;10 - 11;3019;883
08/01/2019;11 - 12;3212;955
08/01/2019;12 - 13;3383;985
08/01/2019;13 - 14;3457;989
08/01/2019;14 - 15;3526;989
08/01/2019;15 - 16;3587;1008
08/01/2019;16 - 17;3646;1018
08/01/2019;17 - 18;3661;1045
08/01/2019;18 - 19;3604;1065
08/01/2019;19 - 20;3711;1102
08/01/2019;20 - 21;3640;1087
08/01/2019;21 - 22;3480;1046
08/01/2019;22 - 23;3439;1045
08/01/2019;23 - 00;3530;1069
09/01/2019;00 - 01;3509;1056
09/01/2019;01 - 02;3391;1025
09/01/2019;02 - 03;3284;995
09/01/2019;03 - 04;3260;981
09/01/2019;04 - 05;3233;976
09/01/2019;05 - 06;3256;1006
09/01/2019;06 - 07;3245;1036
09/01/2019;07 - 08;3151;1021
09/01/2019;08 - 09;3075;989
09/01/2019;09 - 10;2975;961
09/01/2019;10 - 11;2983;977
09/01/2019;11 - 12;3012;988
09/01/2019;12 - 13;3023;982
09/01/2019;13 - 14;2944;961
09/01/2019;14 - 15;2774;936
09/01/2019;15 - 16;2529;899
09/01/2019;16 - 17;2332;850
09/01/2019;17 - 18;2151;822
09/01/2019;18 - 19;1955;786
09/01/2019;19 - 20;1849;770
09/01/2019;20 - 21;1655;702
09/01/2019;21 - 22;1437;621
09/01/2019;22 - 23;1277;579
09/01/2019;23 - 00;1114;542
10/01/2019;00 - 01;490;350
10/01/2019;01 - 02;355;304
10/01/2019;02 - 03;243;264
10/01/2019;03 - 04;176;231
10/01/2019;04 - 05;135;204
10/01/2019;05 - 06;118;163
10/01/2019;06 - 07;120;126
10/01/2019;07 - 08;119;93
10/01/2019;08 - 09;128;61
10/01/2019;09 - 10;159;47
10/01/2019;10 - 11;197;33
10/01/2019;11 - 12;251;24
10/01/2019;12 - 13;323;21
10/01/2019;13 - 14;429;23
10/01/2019;14 - 15;561;25
10/01/2019;15 - 16;709;32
10/01/2019;16 - 17;876;45
10/01/2019;17 - 18;1080;67
10/01/2019;18 - 19;1243;102
10/01/2019;19 - 20;1401;145
10/01/2019;20 - 21;1483;195
10/01/2019;21 - 22;1584;249
10/01/2019;22 - 23;1730;329
10/01/2019;23 - 00;1910;441
11/01/2019;00 - 01;2132;506
11/01/2019;01 - 02;2241;534
11/01/2019;02 - 03;2305;521
11/01/2019;03 - 04;2442;499
11/01/2019;04 - 05;2567;505
11/01/2019;05 - 06;2743;516
11/01/2019;06 - 07;2862;562
11/01/2019;07 - 08;2876;561
11/01/2019;08 - 09;2811;583
11/01/2019;09 - 10;2825;610
11/01/2019;10 - 11;2906;650
11/01/2019;11 - 12;2988;674
11/01/2019;12 - 13;3033;679
11/01/2019;13 - 14;3016;677
11/01/2019;14 - 15;2926;681
11/01/2019;15 - 16;2758;683
11/01/2019;16 - 17;2466;669
11/01/2019;17 - 18;2175;644
11/01/2019;18 - 19;1931;602
11/01/2019;19 - 20;1885;552
11/01/2019;20 - 21;1736;475
11/01/2019;21 - 22;1614;395
11/01/2019;22 - 23;1563;355
11/01/2019;23 - 00;1550;322
12/01/2019;00 - 01;1474;365
12/01/2019;01 - 02;1391;368
12/01/2019;02 - 03;1354;354
12/01/2019;03 - 04;1391;349
12/01/2019;04 - 05;1416;362
12/01/2019;05 - 06;1482;370
12/01/2019;06 - 07;1518;420
12/01/2019;07 - 08;1480;438
12/01/2019;08 - 09;1412;492
12/01/2019;09 - 10;1399;522
12/01/2019;10 - 11;1537;591
12/01/2019;11 - 12;1731;628
12/01/2019;12 - 13;1931;644
12/01/2019;13 - 14;2076;675
12/01/2019;14 - 15;2179;718
12/01/2019;15 - 16;2248;747
12/01/2019;16 - 17;2257;763
12/01/2019;17 - 18;2196;785
12/01/2019;18 - 19;2105;799
12/01/2019;19 - 20;1984;787
12/01/2019;20 - 21;1877;749
12/01/2019;21 - 22;1748;697
12/01/2019;22 - 23;1698;712
12/01/2019;23 - 00;1837;709
13/01/2019;00 - 01;1813;688
13/01/2019;01 - 02;1689;682
13/01/2019;02 - 03;1764;653
13/01/2019;03 - 04;1875;638
13/01/2019;04 - 05;1994;655
13/01/2019;05 - 06;2122;664
13/01/2019;06 - 07;2169;693
13/01/2019;07 - 08;2276;682
13/01/2019;08 - 09;2603;691
13/01/2019;09 - 10;2966;686
13/01/2019;10 - 11;3233;767
13/01/2019;11 - 12;3363;891
13/01/2019;12 - 13;3493;950
13/01/2019;13 - 14;3569;972
13/01/2019;14 - 15;3588;992
13/01/2019;15 - 16;3658;1011
13/01/2019;16 - 17;3676;1018
13/01/2019;17 - 18;3690;1033
13/01/2019;18 - 19;3681;1072
13/01/2019;19 - 20;3639;1076
13/01/2019;20 - 21;3488;1054
13/01/2019;21 - 22;3371;1029
13/01/2019;22 - 23;3408;1041
13/01/2019;23 - 00;3570;1058
14/01/2019;00 - 01;3647;1051
14/01/2019;01 - 02;3483;1056
14/01/2019;02 - 03;3230;1024
14/01/2019;03 - 04;3345;1013
14/01/2019;04 - 05;3432;1013
14/01/2019;05 - 06;3443;1015
14/01/2019;06 - 07;3440;1036
14/01/2019;07 - 08;3350;989
14/01/2019;08 - 09;3201;950
14/01/2019;09 - 10;3127;911
14/01/2019;10 - 11;3182;925
14/01/2019;11 - 12;3309;977
14/01/2019;12 - 13;3433;999
14/01/2019;13 - 14;3497;1008
14/01/2019;14 - 15;3520;1016
14/01/2019;15 - 16;3542;1018
14/01/2019;16 - 17;3538;1009
14/01/2019;17 - 18;3560;1010
14/01/2019;18 - 19;3571;1015
14/01/2019;19 - 20;3472;1003
14/01/2019;20 - 21;3349;981
14/01/2019;21 - 22;3291;958
14/01/2019;22 - 23;3147;963
14/01/2019;23 - 00;3034;976
15/01/2019;00 - 01;2342;948
15/01/2019;01 - 02;2155;900
15/01/2019;02 - 03;2065;799
15/01/2019;03 - 04;1977;690
15/01/2019;04 - 05;1847;687
15/01/2019;05 - 06;1639;672
15/01/2019;06 - 07;1313;652
15/01/2019;07 - 08;1020;589
15/01/2019;08 - 09;844;508
15/01/2019;09 - 10;843;394
15/01/2019;10 - 11;1104;337
15/01/2019;11 - 12;1766;269
15/01/2019;12 - 13;2386;250
15/01/2019;13 - 14;2721;453
15/01/2019;14 - 15;3022;731
15/01/2019;15 - 16;3137;900
15/01/2019;16 - 17;3070;959
15/01/2019;17 - 18;2816;979
15/01/2019;18 - 19;2488;968
15/01/2019;19 - 20;2189;904
15/01/2019;20 - 21;1997;819
15/01/2019;21 - 22;1894;737
15/01/2019;22 - 23;1810;704
15/01/2019;23 - 00;1923;678
16/01/2019;00 - 01;1587;609
16/01/2019;01 - 02;1629;549
16/01/2019;02 - 03;1711;601
16/01/2019;03 - 04;1797;654
16/01/2019;04 - 05;1922;700
16/01/2019;05 - 06;2152;740
16/01/2019;06 - 07;2332;793
16/01/2019;07 - 08;2394;755
16/01/2019;08 - 09;2387;684
16/01/2019;09 - 10;2456;613
16/01/2019;10 - 11;2631;633
16/01/2019;11 - 12;2880;683
16/01/2019;12 - 13;3093;715
16/01/2019;13 - 14;3141;735
16/01/2019;14 - 15;3188;778
16/01/2019;15 - 16;3244;832
16/01/2019;16 - 17;3257;870
16/01/2019;17 - 18;3335;931
16/01/2019;18 - 19;3392;982
16/01/2019;19 - 20;3330;1003
16/01/2019;20 - 21;3161;1008
16/01/2019;21 - 22;3111;1005
16/01/2019;22 - 23;2941;1022
16/01/2019;23 - 00;2841;1066
17/01/2019;00 - 01;2607;1002
17/01/2019;01 - 02;2379;970
17/01/2019;02 - 03;2162;892
17/01/2019;03 - 04;1973;775
17/01/2019;04 - 05;1842;754
17/01/2019;05 - 06;1699;825
17/01/2019;06 - 07;1540;879
17/01/2019;07 - 08;1421;869
17/01/2019;08 - 09;1352;840
17/01/2019;09 - 10;1326;760
17/01/2019;10 - 11;1225;718
17/01/2019;11 - 12;1241;662
17/01/2019;12 - 13;1350;562
17/01/2019;13 - 14;1429;447
17/01/2019;14 - 15;1408;422
17/01/2019;15 - 16;1475;416
17/01/2019;16 - 17;1594;418
17/01/2019;17 - 18;1839;430
17/01/2019;18 - 19;2010;456
17/01/2019;19 - 20;1971;492
17/01/2019;20 - 21;1821;524
17/01/2019;21 - 22;1720;570
17/01/2019;22 - 23;1542;609
17/01/2019;23 - 00;1284;606
18/01/2019;00 - 01;1067;705
18/01/2019;01 - 02;964;630
18/01/2019;02 - 03;839;519
18/01/2019;03 - 04;807;395
18/01/2019;04 - 05;822;307
18/01/2019;05 - 06;866;211
18/01/2019;06 - 07;952;143
18/01/2019;07 - 08;874;126
18/01/2019;08 - 09;790;147
18/01/2019;09 - 10;758;200
18/01/2019;10 - 11;713;262
18/01/2019;11 - 12;655;340
18/01/2019;12 - 13;695;349
18/01/2019;13 - 14;786;319
18/01/2019;14 - 15;887;306
18/01/2019;15 - 16;1027;298
18/01/2019;16 - 17;1086;270
18/01/2019;17 - 18;1077;246
18/01/2019;18 - 19;900;224
18/01/2019;19 - 20;733;222
18/01/2019;20 - 21;649;241
18/01/2019;21 - 22;556;243
18/01/2019;22 - 23;495;244
18/01/2019;23 - 00;462;235
19/01/2019;00 - 01;459;225
19/01/2019;01 - 02;482;201
19/01/2019;02 - 03;508;182
19/01/2019;03 - 04;539;161
19/01/2019;04 - 05;527;138
19/01/2019;05 - 06;493;113
19/01/2019;06 - 07;485;108
19/01/2019;07 - 08;510;103
19/01/2019;08 - 09;514;94
19/01/2019;09 - 10;555;83
19/01/2019;10 - 11;593;87
19/01/2019;11 - 12;615;103
19/01/2019;12 - 13;646;103
19/01/2019;13 - 14;642;85
19/01/2019;14 - 15;623;67
19/01/2019;15 - 16;595;53
19/01/2019;16 - 17;613;54
19/01/2019;17 - 18;629;60
19/01/2019;18 - 19;610;61
19/01/2019;19 - 20;579;65
19/01/2019;20 - 21;578;66
19/01/2019;21 - 22;616;65
19/01/2019;22 - 23;646;64
19/01/2019;23 - 00;657;64
20/01/2019;00 - 01;637;84
20/01/2019;01 - 02;609;76
20/01/2019;02 - 03;547;67
20/01/2019;03 - 04;499;60
20/01/2019;04 - 05;446;58
20/01/2019;05 - 06;394;53
20/01/2019;06 - 07;329;48
20/01/2019;07 - 08;285;43
20/01/2019;08 - 09;232;37
20/01/2019;09 - 10;198;35
20/01/2019;10 - 11;194;36
20/01/2019;11 - 12;212;40
20/01/2019;12 - 13;197;49
20/01/2019;13 - 14;188;55
20/01/2019;14 - 15;192;60
20/01/2019;15 - 16;203;66
20/01/2019;16 - 17;243;70
20/01/2019;17 - 18;287;67
20/01/2019;18 - 19;328;65
20/01/2019;19 - 20;357;70
20/01/2019;20 - 21;417;76
20/01/2019;21 - 22;507;87
20/01/2019;22 - 23;617;104
20/01/2019;23 - 00;758;119
21/01/2019;00 - 01;1204;141
21/01/2019;01 - 02;1404;161
21/01/2019;02 - 03;1636;189
21/01/2019;03 - 04;1812;217
21/01/2019;04 - 05;1877;265
21/01/2019;05 - 06;1830;309
21/01/2019;06 - 07;1845;387
21/01/2019;07 - 08;1815;489
21/01/2019;08 - 09;1749;600
21/01/2019;09 - 10;1745;653
21/01/2019;10 - 11;1739;660
21/01/2019;11 - 12;1728;648
21/01/2019;12 - 13;1717;605
21/01/2019;13 - 14;1690;546
21/01/2019;14 - 15;1558;510
21/01/2019;15 - 16;1349;528
21/01/2019;16 - 17;1158;528
21/01/2019;17 - 18;934;479
21/01/2019;18 - 19;688;426
21/01/2019;19 - 20;453;371
21/01/2019;20 - 21;318;307
21/01/2019;21 - 22;239;254
21/01/2019;22 - 23;179;218
21/01/2019;23 - 00;172;206
22/01/2019;00 - 01;150;129
22/01/2019;01 - 02;226;113
22/01/2019;02 - 03;299;102
22/01/2019;03 - 04;417;95
22/01/2019;04 - 05;509;80
22/01/2019;05 - 06;616;74
22/01/2019;06 - 07;753;85
22/01/2019;07 - 08;858;102
22/01/2019;08 - 09;975;112
22/01/2019;09 - 10;1105;133
22/01/2019;10 - 11;1232;160
22/01/2019;11 - 12;1339;217
22/01/2019;12 - 13;1504;253
22/01/2019;13 - 14;1627;267
22/01/2019;14 - 15;1733;319
22/01/2019;15 - 16;1834;367
22/01/2019;16 - 17;1911;432
22/01/2019;17 - 18;2045;541
22/01/2019;18 - 19;2154;641
22/01/2019;19 - 20;2189;674
22/01/2019;20 - 21;2178;668
22/01/2019;21 - 22;2172;669
22/01/2019;22 - 23;2079;650
22/01/2019;23 - 00;2031;636
23/01/2019;00 - 01;1811;566
23/01/2019;01 - 02;1700;524
23/01/2019;02 - 03;1616;485
23/01/2019;03 - 04;1533;460
23/01/2019;04 - 05;1454;447
23/01/2019;05 - 06;1364;418
23/01/2019;06 - 07;1335;424
23/01/2019;07 - 08;1278;424
23/01/2019;08 - 09;1226;387
23/01/2019;09 - 10;1175;373
23/01/2019;10 - 11;1121;366
23/01/2019;11 - 12;1001;367
23/01/2019;12 - 13;958;337
23/01/2019;13 - 14;942;308
23/01/2019;14 - 15;867;292
23/01/2019;15 - 16;817;277
23/01/2019;16 - 17;798;297
23/01/2019;17 - 18;844;349
23/01/2019;18 - 19;880;426
23/01/2019;19 - 20;892;414
23/01/2019;20 - 21;891;394
23/01/2019;21 - 22;866;386
23/01/2019;22 - 23;834;359
23/01/2019;23 - 00;769;328
24/01/2019;00 - 01;702;254
24/01/2019;01 - 02;632;200
24/01/2019;02 - 03;570;162
24/01/2019;03 - 04;539;119
24/01/2019;04 - 05;528;108
24/01/2019;05 - 06;528;110
24/01/2019;06 - 07;571;111
24/01/2019;07 - 08;607;116
24/01/2019;08 - 09;656;124
24/01/2019;09 - 10;709;132
24/01/2019;10 - 11;741;133
24/01/2019;11 - 12;702;135
24/01/2019;12 - 13;660;129
24/01/2019;13 - 14;585;121
24/01/2019;14 - 15;506;109
24/01/2019;15 - 16;435;93
24/01/2019;16 - 17;364;94
24/01/2019;17 - 18;327;107
24/01/2019;18 - 19;325;114
24/01/2019;19 - 20;340;119
24/01/2019;20 - 21;331;112
24/01/2019;21 - 22;295;100
24/01/2019;22 - 23;262;81
24/01/2019;23 - 00;232;62
25/01/2019;00 - 01;142;25
25/01/2019;01 - 02;135;20
25/01/2019;02 - 03;144;17
25/01/2019;03 - 04;147;18
25/01/2019;04 - 05;159;21
25/01/2019;05 - 06;187;15
25/01/2019;06 - 07;250;13
25/01/2019;07 - 08;317;16
25/01/2019;08 - 09;403;20
25/01/2019;09 - 10;485;24
25/01/2019;10 - 11;598;30
25/01/2019;11 - 12;710;47
25/01/2019;12 - 13;855;71
25/01/2019;13 - 14;1002;98
25/01/2019;14 - 15;1209;115
25/01/2019;15 - 16;1443;132
25/01/2019;16 - 17;1684;168
25/01/2019;17 - 18;2061;211
25/01/2019;18 - 19;2385;298
25/01/2019;19 - 20;2487;367
25/01/2019;20 - 21;2424;440
25/01/2019;21 - 22;2273;537
25/01/2019;22 - 23;1964;581
25/01/2019;23 - 00;1650;604
26/01/2019;00 - 01;1329;417
26/01/2019;01 - 02;1126;354
26/01/2019;02 - 03;981;239
26/01/2019;03 - 04;850;155
26/01/2019;04 - 05;786;90
26/01/2019;05 - 06;742;53
26/01/2019;06 - 07;773;40
26/01/2019;07 - 08;758;35
26/01/2019;08 - 09;732;33
26/01/2019;09 - 10;745;34
26/01/2019;10 - 11;751;35
26/01/2019;11 - 12;718;45
26/01/2019;12 - 13;725;66
26/01/2019;13 - 14;767;84
26/01/2019;14 - 15;842;116
26/01/2019;15 - 16;964;173
26/01/2019;16 - 17;1091;220
26/01/2019;17 - 18;1284;294
26/01/2019;18 - 19;1449;364
26/01/2019;19 - 20;1601;420
26/01/2019;20 - 21;1827;492
26/01/2019;21 - 22;2032;519
26/01/2019;22 - 23;2185;553
26/01/2019;23 - 00;2349;601
27/01/2019;00 - 01;2114;430
27/01/2019;01 - 02;2080;438
27/01/2019;02 - 03;2102;439
27/01/2019;03 - 04;2148;468
27/01/2019;04 - 05;2205;510
27/01/2019;05 - 06;2211;548
27/01/2019;06 - 07;2197;592
27/01/2019;07 - 08;2123;599
27/01/2019;08 - 09;2029;627
27/01/2019;09 - 10;1908;605
27/01/2019;10 - 11;1815;586
27/01/2019;11 - 12;1681;530
27/01/2019;12 - 13;1571;491
27/01/2019;13 - 14;1482;461
27/01/2019;14 - 15;1380;401
27/01/2019;15 - 16;1238;381
27/01/2019;16 - 17;1152;357
27/01/2019;17 - 18;1100;328
27/01/2019;18 - 19;1020;292
27/01/2019;19 - 20;903;251
27/01/2019;20 - 21;777;217
27/01/2019;21 - 22;707;207
27/01/2019;22 - 23;646;183
27/01/2019;23 - 00;619;166
28/01/2019;00 - 01;635;140
28/01/2019;01 - 02;594;137
28/01/2019;02 - 03;542;143
28/01/2019;03 - 04;520;187
28/01/2019;04 - 05;520;205
28/01/2019;05 - 06;559;222
28/01/2019;06 - 07;659;225
28/01/2019;07 - 08;759;213
28/01/2019;08 - 09;921;193
28/01/2019;09 - 10;1045;172
28/01/2019;10 - 11;1218;157
28/01/2019;11 - 12;1370;150
28/01/2019;12 - 13;1548;148
28/01/2019;13 - 14;1718;139
28/01/2019;14 - 15;1876;122
28/01/2019;15 - 16;1995;104
28/01/2019;16 - 17;2099;120
28/01/2019;17 - 18;2132;182
28/01/2019;18 - 19;2049;239
28/01/2019;19 - 20;1862;312
28/01/2019;20 - 21;1650;461
28/01/2019;21 - 22;1496;549
28/01/2019;22 - 23;1363;560
28/01/2019;23 - 00;1314;552
29/01/2019;00 - 01;1160;509
29/01/2019;01 - 02;1077;504
29/01/2019;02 - 03;953;475
29/01/2019;03 - 04;847;395
29/01/2019;04 - 05;683;343
29/01/2019;05 - 06;592;296
29/01/2019;06 - 07;552;265
29/01/2019;07 - 08;472;230
29/01/2019;08 - 09;433;224
29/01/2019;09 - 10;450;251
29/01/2019;10 - 11;507;272
29/01/2019;11 - 12;600;285
29/01/2019;12 - 13;684;266
29/01/2019;13 - 14;755;251
29/01/2019;14 - 15;801;246
29/01/2019;15 - 16;798;249
29/01/2019;16 - 17;810;262
29/01/2019;17 - 18;845;303
29/01/2019;18 - 19;892;343
29/01/2019;19 - 20;898;358
29/01/2019;20 - 21;894;354
29/01/2019;21 - 22;919;383
29/01/2019;22 - 23;985;397
29/01/2019;23 - 00;1018;352
30/01/2019;00 - 01;952;174
30/01/2019;01 - 02;910;140
30/01/2019;02 - 03;873;112
30/01/2019;03 - 04;831;96
30/01/2019;04 - 05;820;116
30/01/2019;05 - 06;893;182
30/01/2019;06 - 07;1029;289
30/01/2019;07 - 08;1097;363
30/01/2019;08 - 09;1166;394
30/01/2019;09 - 10;1246;426
30/01/2019;10 - 11;1313;460
30/01/2019;11 - 12;1391;494
30/01/2019;12 - 13;1522;512
30/01/2019;13 - 14;1635;568
30/01/2019;14 - 15;1783;651
30/01/2019;15 - 16;1936;705
30/01/2019;16 - 17;2112;762
30/01/2019;17 - 18;2288;825
30/01/2019;18 - 19;2441;886
30/01/2019;19 - 20;2514;883
30/01/2019;20 - 21;2587;863
30/01/2019;21 - 22;2723;873
30/01/2019;22 - 23;2756;880
30/01/2019;23 - 00;2842;899
31/01/2019;00 - 01;2476;849
31/01/2019;01 - 02;2488;858
31/01/2019;02 - 03;2493;858
31/01/2019;03 - 04;2593;848
31/01/2019;04 - 05;2711;841
31/01/2019;05 - 06;2722;818
31/01/2019;06 - 07;2710;812
31/01/2019;07 - 08;2617;791
31/01/2019;08 - 09;2505;732
31/01/2019;09 - 10;2404;636
31/01/2019;10 - 11;2348;569
31/01/2019;11 - 12;2305;523
31/01/2019;12 - 13;2279;464
31/01/2019;13 - 14;2284;419
31/01/2019;14 - 15;2220;333
31/01/2019;15 - 16;2125;245
31/01/2019;16 - 17;2051;215
31/01/2019;17 - 18;1986;223
31/01/2019;18 - 19;1906;231
31/01/2019;19 - 20;1823;240
31/01/2019;20 - 21;1775;247
31/01/2019;21 - 22;1708;249
31/01/2019;22 - 23;1559;269
31/01/2019;23 - 00;1408;296
01/02/2019;00 - 01;1103;243
01/02/2019;01 - 02;1100;252
01/02/2019;02 - 03;1124;281
01/02/2019;03 - 04;1167;305
01/02/2019;04 - 05;1235;368
01/02/2019;05 - 06;1318;457
01/02/2019;06 - 07;1409;546
01/02/2019;07 - 08;1475;597
01/02/2019;08 - 09;1581;617
01/02/2019;09 - 10;1635;613
01/02/2019;10 - 11;1728;612
01/02/2019;11 - 12;1908;616
01/02/2019;12 - 13;2104;605
01/02/2019;13 - 14;2116;612
01/02/2019;14 - 15;2051;626
01/02/2019;15 - 16;1980;625
01/02/2019;16 - 17;1971;610
01/02/2019;17 - 18;1969;575
01/02/2019;18 - 19;1922;514
01/02/2019;19 - 20;1814;411
01/02/2019;20 - 21;1724;324
01/02/2019;21 - 22;1673;275
01/02/2019;22 - 23;1537;249
01/02/2019;23 - 00;1464;241
02/02/2019;00 - 01;927;152
02/02/2019;01 - 02;911;149
02/02/2019;02 - 03;897;151
02/02/2019;03 - 04;875;157
02/02/2019;04 - 05;895;174
02/02/2019;05 - 06;913;194
02/02/2019;06 - 07;932;230
02/02/2019;07 - 08;879;264
02/02/2019;08 - 09;878;311
02/02/2019;09 - 10;863;346
02/02/2019;10 - 11;826;346
02/02/2019;11 - 12;874;321
02/02/2019;12 - 13;945;284
02/02/2019;13 - 14;928;283
02/02/2019;14 - 15;894;293
02/02/2019;15 - 16;841;284
02/02/2019;16 - 17;740;283
02/02/2019;17 - 18;748;294
02/02/2019;18 - 19;773;246
02/02/2019;19 - 20;765;224
02/02/2019;20 - 21;782;219
02/02/2019;21 - 22;816;195
02/02/2019;22 - 23;763;193
02/02/2019;23 - 00;726;211
03/02/2019;00 - 01;977;217
03/02/2019;01 - 02;1042;238
03/02/2019;02 - 03;1067;261
03/02/2019;03 - 04;1126;277
03/02/2019;04 - 05;1097;279
03/02/2019;05 - 06;1061;276
03/02/2019;06 - 07;1043;286
03/02/2019;07 - 08;912;324
03/02/2019;08 - 09;799;370
03/02/2019;09 - 10;738;404
03/02/2019;10 - 11;724;411
03/02/2019;11 - 12;769;372
03/02/2019;12 - 13;858;332
03/02/2019;13 - 14;834;332
03/02/2019;14 - 15;690;335
03/02/2019;15 - 16;483;343
03/02/2019;16 - 17;389;307
03/02/2019;17 - 18;397;215
03/02/2019;18 - 19;434;167
03/02/2019;19 - 20;455;143
03/02/2019;20 - 21;457;120
03/02/2019;21 - 22;449;124
03/02/2019;22 - 23;457;145
03/02/2019;23 - 00;448;171
04/02/2019;00 - 01;717;101
04/02/2019;01 - 02;814;112
04/02/2019;02 - 03;975;124
04/02/2019;03 - 04;1150;144
04/02/2019;04 - 05;1336;175
04/02/2019;05 - 06;1577;226
04/02/2019;06 - 07;1820;305
04/02/2019;07 - 08;2003;401
04/02/2019;08 - 09;2210;535
04/02/2019;09 - 10;2371;627
04/02/2019;10 - 11;2549;677
04/02/2019;11 - 12;2786;720
04/02/2019;12 - 13;3093;765
04/02/2019;13 - 14;3353;815
04/02/2019;14 - 15;3541;856
04/02/2019;15 - 16;3638;894
04/02/2019;16 - 17;3696;939
04/02/2019;17 - 18;3764;988
04/02/2019;18 - 19;3776;1030
04/02/2019;19 - 20;3631;1021
04/02/2019;20 - 21;3537;1018
04/02/2019;21 - 22;3516;1022
04/02/2019;22 - 23;3432;1020
04/02/2019;23 - 00;3422;1023
05/02/2019;00 - 01;3527;1011
05/02/2019;01 - 02;3537;979
05/02/2019;02 - 03;3536;929
05/02/2019;03 - 04;3553;898
05/02/2019;04 - 05;3518;890
05/02/2019;05 - 06;3385;892
05/02/2019;06 - 07;3243;933
05/02/2019;07 - 08;3037;923
05/02/2019;08 - 09;2882;929
05/02/2019;09 - 10;2712;899
05/02/2019;10 - 11;2637;893
05/02/2019;11 - 12;2634;881
05/02/2019;12 - 13;2699;878
05/02/2019;13 - 14;2681;894
05/02/2019;14 - 15;2521;892
05/02/2019;15 - 16;2298;873
05/02/2019;16 - 17;2058;827
05/02/2019;17 - 18;1771;800
05/02/2019;18 - 19;1510;773
05/02/2019;19 - 20;1184;716
05/02/2019;20 - 21;898;669
05/02/2019;21 - 22;679;600
05/02/2019;22 - 23;551;545
05/02/2019;23 - 00;447;484
06/02/2019;00 - 01;537;433
06/02/2019;01 - 02;550;392
06/02/2019;02 - 03;609;348
06/02/2019;03 - 04;715;269
06/02/2019;04 - 05;889;186
06/02/2019;05 - 06;1146;178
06/02/2019;06 - 07;1509;241
06/02/2019;07 - 08;1821;329
06/02/2019;08 - 09;2154;481
06/02/2019;09 - 10;2307;585
06/02/2019;10 - 11;2377;653
06/02/2019;11 - 12;2332;680
06/02/2019;12 - 13;2231;687
06/02/2019;13 - 14;2083;701
06/02/2019;14 - 15;1883;695
06/02/2019;15 - 16;1682;683
06/02/2019;16 - 17;1509;648
06/02/2019;17 - 18;1363;602
06/02/2019;18 - 19;1230;566
06/02/2019;19 - 20;1161;495
06/02/2019;20 - 21;1100;454
06/02/2019;21 - 22;1074;405
06/02/2019;22 - 23;1002;348
06/02/2019;23 - 00;893;289
07/02/2019;00 - 01;564;179
07/02/2019;01 - 02;462;142
07/02/2019;02 - 03;397;130
07/02/2019;03 - 04;423;149
07/02/2019;04 - 05;489;208
07/02/2019;05 - 06;618;301
07/02/2019;06 - 07;835;441
07/02/2019;07 - 08;1129;549
07/02/2019;08 - 09;1433;672
07/02/2019;09 - 10;1630;730
07/02/2019;10 - 11;1817;776
07/02/2019;11 - 12;2011;810
07/02/2019;12 - 13;2219;828
07/02/2019;13 - 14;2485;854
07/02/2019;14 - 15;2758;876
07/02/2019;15 - 16;2896;908
07/02/2019;16 - 17;3025;926
07/02/2019;17 - 18;3118;954
07/02/2019;18 - 19;3180;1002
07/02/2019;19 - 20;3065;1014
07/02/2019;20 - 21;3032;1023
07/02/2019;21 - 22;3104;1034
07/02/2019;22 - 23;3160;1036
07/02/2019;23 - 00;3373;1054
08/02/2019;00 - 01;3811;1039
08/02/2019;01 - 02;3783;1010
08/02/2019;02 - 03;3745;978
08/02/2019;03 - 04;3689;954
08/02/2019;04 - 05;3561;941
08/02/2019;05 - 06;3359;937
08/02/2019;06 - 07;3147;947
08/02/2019;07 - 08;2801;914
08/02/2019;08 - 09;2530;887
08/02/2019;09 - 10;2371;826
08/02/2019;10 - 11;2385;791
08/02/2019;11 - 12;2452;741
08/02/2019;12 - 13;2562;726
08/02/2019;13 - 14;2729;773
08/02/2019;14 - 15;2986;817
08/02/2019;15 - 16;3215;850
08/02/2019;16 - 17;3374;878
08/02/2019;17 - 18;3516;927
08/02/2019;18 - 19;3599;971
08/02/2019;19 - 20;3570;979
08/02/2019;20 - 21;3560;988
08/02/2019;21 - 22;3637;1003
08/02/2019;22 - 23;3625;1014
08/02/2019;23 - 00;3700;1030
09/02/2019;00 - 01;3784;1045
09/02/2019;01 - 02;3708;1032
09/02/2019;02 - 03;3511;1008
09/02/2019;03 - 04;3336;994
09/02/2019;04 - 05;3199;994
09/02/2019;05 - 06;3132;970
09/02/2019;06 - 07;3109;967
09/02/2019;07 - 08;3016;928
09/02/2019;08 - 09;3082;921
09/02/2019;09 - 10;3151;913
09/02/2019;10 - 11;3280;924
09/02/2019;11 - 12;3406;934
09/02/2019;12 - 13;3560;968
09/02/2019;13 - 14;3682;1020
09/02/2019;14 - 15;3762;1066
09/02/2019;15 - 16;3689;1086
09/02/2019;16 - 17;3682;1093
09/02/2019;17 - 18;3756;1096
09/02/2019;18 - 19;3794;1101
09/02/2019;19 - 20;3695;1075
09/02/2019;20 - 21;3649;1058
09/02/2019;21 - 22;3733;1056
09/02/2019;22 - 23;3700;1047
09/02/2019;23 - 00;3789;1039
10/02/2019;00 - 01;3802;1039
10/02/2019;01 - 02;3652;980
10/02/2019;02 - 03;3512;887
10/02/2019;03 - 04;3358;788
10/02/2019;04 - 05;3164;758
10/02/2019;05 - 06;2882;751
10/02/2019;06 - 07;2605;738
10/02/2019;07 - 08;2251;686
10/02/2019;08 - 09;1940;625
10/02/2019;09 - 10;1648;543
10/02/2019;10 - 11;1394;485
10/02/2019;11 - 12;1141;382
10/02/2019;12 - 13;883;286
10/02/2019;13 - 14;642;216
10/02/2019;14 - 15;384;138
10/02/2019;15 - 16;265;94
10/02/2019;16 - 17;235;67
10/02/2019;17 - 18;236;62
10/02/2019;18 - 19;333;90
10/02/2019;19 - 20;473;131
10/02/2019;20 - 21;747;204
10/02/2019;21 - 22;1111;312
10/02/2019;22 - 23;1366;398
10/02/2019;23 - 00;1588;436
11/02/2019;00 - 01;1985;637
11/02/2019;01 - 02;2104;648
11/02/2019;02 - 03;2223;646
11/02/2019;03 - 04;2412;681
11/02/2019;04 - 05;2630;723
11/02/2019;05 - 06;2694;768
11/02/2019;06 - 07;2749;853
11/02/2019;07 - 08;2680;887
11/02/2019;08 - 09;2698;933
11/02/2019;09 - 10;2739;939
11/02/2019;10 - 11;2793;968
11/02/2019;11 - 12;2879;989
11/02/2019;12 - 13;3013;1020
11/02/2019;13 - 14;3079;1052
11/02/2019;14 - 15;3099;1048
11/02/2019;15 - 16;3105;1004
11/02/2019;16 - 17;3201;969
11/02/2019;17 - 18;3311;925
11/02/2019;18 - 19;3355;883
11/02/2019;19 - 20;3262;840
11/02/2019;20 - 21;3174;803
11/02/2019;21 - 22;3206;767
11/02/2019;22 - 23;3131;770
11/02/2019;23 - 00;2977;811
12/02/2019;00 - 01;2767;831
12/02/2019;01 - 02;2525;807
12/02/2019;02 - 03;2302;750
12/02/2019;03 - 04;2062;702
12/02/2019;04 - 05;1760;675
12/02/2019;05 - 06;1426;628
12/02/2019;06 - 07;1183;601
12/02/2019;07 - 08;918;531
12/02/2019;08 - 09;732;476
12/02/2019;09 - 10;613;399
12/02/2019;10 - 11;515;366
12/02/2019;11 - 12;449;334
12/02/2019;12 - 13;469;281
12/02/2019;13 - 14;558;237
12/02/2019;14 - 15;661;212
12/02/2019;15 - 16;744;186
12/02/2019;16 - 17;931;165
12/02/2019;17 - 18;1184;147
12/02/2019;18 - 19;1447;158
12/02/2019;19 - 20;1695;191
12/02/2019;20 - 21;1891;224
12/02/2019;21 - 22;2155;316
12/02/2019;22 - 23;2273;446
12/02/2019;23 - 00;2258;573
13/02/2019;00 - 01;2795;842
13/02/2019;01 - 02;2697;845
13/02/2019;02 - 03;2615;841
13/02/2019;03 - 04;2582;850
13/02/2019;04 - 05;2538;854
13/02/2019;05 - 06;2455;836
13/02/2019;06 - 07;2366;833
13/02/2019;07 - 08;2165;796
13/02/2019;08 - 09;1895;780
13/02/2019;09 - 10;1662;737
13/02/2019;10 - 11;1524;706
13/02/2019;11 - 12;1546;643
13/02/2019;12 - 13;1642;612
13/02/2019;13 - 14;1629;635
13/02/2019;14 - 15;1614;662
13/02/2019;15 - 16;1666;674
13/02/2019;16 - 17;1675;656
13/02/2019;17 - 18;1695;626
13/02/2019;18 - 19;1675;550
13/02/2019;19 - 20;1566;484
13/02/2019;20 - 21;1505;490
13/02/2019;21 - 22;1513;501
13/02/2019;22 - 23;1444;538
13/02/2019;23 - 00;1355;576
14/02/2019;00 - 01;1147;531
14/02/2019;01 - 02;1035;480
14/02/2019;02 - 03;983;414
14/02/2019;03 - 04;928;396
14/02/2019;04 - 05;963;379
14/02/2019;05 - 06;1005;326
14/02/2019;06 - 07;1008;310
14/02/2019;07 - 08;1020;281
14/02/2019;08 - 09;1037;295
14/02/2019;09 - 10;1080;284
14/02/2019;10 - 11;1118;282
14/02/2019;11 - 12;1146;249
14/02/2019;12 - 13;1214;247
14/02/2019;13 - 14;1346;255
14/02/2019;14 - 15;1374;248
14/02/2019;15 - 16;1344;269
14/02/2019;16 - 17;1310;278
14/02/2019;17 - 18;1241;294
14/02/2019;18 - 19;1199;315
14/02/2019;19 - 20;1151;325
14/02/2019;20 - 21;1171;350
14/02/2019;21 - 22;1258;345
14/02/2019;22 - 23;1277;317
14/02/2019;23 - 00;1283;286
15/02/2019;00 - 01;1046;229
15/02/2019;01 - 02;1038;202
15/02/2019;02 - 03;1045;190
15/02/2019;03 - 04;1027;174
15/02/2019;04 - 05;1001;172
15/02/2019;05 - 06;967;157
15/02/2019;06 - 07;947;166
15/02/2019;07 - 08;903;155
15/02/2019;08 - 09;886;132
15/02/2019;09 - 10;893;110
15/02/2019;10 - 11;879;91
15/02/2019;11 - 12;875;68
15/02/2019;12 - 13;892;66
15/02/2019;13 - 14;999;79
15/02/2019;14 - 15;1087;88
15/02/2019;15 - 16;1156;100
15/02/2019;16 - 17;1263;119
15/02/2019;17 - 18;1442;172
15/02/2019;18 - 19;1594;225
15/02/2019;19 - 20;1594;263
15/02/2019;20 - 21;1650;319
15/02/2019;21 - 22;1800;365
15/02/2019;22 - 23;1906;417
15/02/2019;23 - 00;1924;452
16/02/2019;00 - 01;1998;457
16/02/2019;01 - 02;1960;449
16/02/2019;02 - 03;1961;424
16/02/2019;03 - 04;1848;418
16/02/2019;04 - 05;1841;414
16/02/2019;05 - 06;1980;438
16/02/2019;06 - 07;2103;467
16/02/2019;07 - 08;2158;468
16/02/2019;08 - 09;2221;491
16/02/2019;09 - 10;2330;504
16/02/2019;10 - 11;2372;500
16/02/2019;11 - 12;2414;449
16/02/2019;12 - 13;2398;423
16/02/2019;13 - 14;2341;450
16/02/2019;14 - 15;2175;484
16/02/2019;15 - 16;2004;538
16/02/2019;16 - 17;1900;562
16/02/2019;17 - 18;1774;610
16/02/2019;18 - 19;1694;590
16/02/2019;19 - 20;1612;560
16/02/2019;20 - 21;1561;547
16/02/2019;21 - 22;1536;509
16/02/2019;22 - 23;1492;488
16/02/2019;23 - 00;1444;464
17/02/2019;00 - 01;1245;439
17/02/2019;01 - 02;1151;381
17/02/2019;02 - 03;1033;328
17/02/2019;03 - 04;879;277
17/02/2019;04 - 05;822;221
17/02/2019;05 - 06;794;169
17/02/2019;06 - 07;737;142
17/02/2019;07 - 08;688;124
17/02/2019;08 - 09;591;124
17/02/2019;09 - 10;564;123
17/02/2019;10 - 11;568;128
17/02/2019;11 - 12;585;128
17/02/2019;12 - 13;637;124
17/02/2019;13 - 14;706;116
17/02/2019;14 - 15;775;101
17/02/2019;15 - 16;805;96
17/02/2019;16 - 17;862;110
17/02/2019;17 - 18;964;150
17/02/2019;18 - 19;1080;185
17/02/2019;19 - 20;1237;263
17/02/2019;20 - 21;1441;345
17/02/2019;21 - 22;1591;395
17/02/2019;22 - 23;1617;430
17/02/2019;23 - 00;1565;412
18/02/2019;00 - 01;1547;299
18/02/2019;01 - 02;1489;284
18/02/2019;02 - 03;1473;255
18/02/2019;03 - 04;1388;241
18/02/2019;04 - 05;1366;208
18/02/2019;05 - 06;1400;186
18/02/2019;06 - 07;1436;163
18/02/2019;07 - 08;1401;158
18/02/2019;08 - 09;1377;148
18/02/2019;09 - 10;1347;141
18/02/2019;10 - 11;1324;131
18/02/2019;11 - 12;1382;117
18/02/2019;12 - 13;1452;115
18/02/2019;13 - 14;1489;129
18/02/2019;14 - 15;1445;146
18/02/2019;15 - 16;1373;159
18/02/2019;16 - 17;1383;178
18/02/2019;17 - 18;1458;233
18/02/2019;18 - 19;1562;262
18/02/2019;19 - 20;1594;308
18/02/2019;20 - 21;1630;320
18/02/2019;21 - 22;1665;319
18/02/2019;22 - 23;1681;316
18/02/2019;23 - 00;1696;281
19/02/2019;00 - 01;1720;244
19/02/2019;01 - 02;1754;233
19/02/2019;02 - 03;1798;238
19/02/2019;03 - 04;1879;263
19/02/2019;04 - 05;2043;307
19/02/2019;05 - 06;2202;372
19/02/2019;06 - 07;2396;450
19/02/2019;07 - 08;2521;559
19/02/2019;08 - 09;2566;666
19/02/2019;09 - 10;2581;738
19/02/2019;10 - 11;2700;805
19/02/2019;11 - 12;2859;833
19/02/2019;12 - 13;3009;875
19/02/2019;13 - 14;3184;921
19/02/2019;14 - 15;3308;936
19/02/2019;15 - 16;3258;910
19/02/2019;16 - 17;3169;877
19/02/2019;17 - 18;3044;859
19/02/2019;18 - 19;2912;852
19/02/2019;19 - 20;2824;858
19/02/2019;20 - 21;2793;859
19/02/2019;21 - 22;2737;852
19/02/2019;22 - 23;2618;841
19/02/2019;23 - 00;2531;835
20/02/2019;00 - 01;2534;832
20/02/2019;01 - 02;2462;815
20/02/2019;02 - 03;2370;782
20/02/2019;03 - 04;2186;749
20/02/2019;04 - 05;2063;735
20/02/2019;05 - 06;1838;717
20/02/2019;06 - 07;1557;676
20/02/2019;07 - 08;1326;627
20/02/2019;08 - 09;1089;578
20/02/2019;09 - 10;877;527
20/02/2019;10 - 11;779;486
20/02/2019;11 - 12;756;455
20/02/2019;12 - 13;769;425
20/02/2019;13 - 14;742;393
20/02/2019;14 - 15;678;357
20/02/2019;15 - 16;640;311
20/02/2019;16 - 17;640;296
20/02/2019;17 - 18;672;282
20/02/2019;18 - 19;730;233
20/02/2019;19 - 20;811;213
20/02/2019;20 - 21;939;248
20/02/2019;21 - 22;1154;309
20/02/2019;22 - 23;1241;360
20/02/2019;23 - 00;1344;395
21/02/2019;00 - 01;1411;510
21/02/2019;01 - 02;1462;537
21/02/2019;02 - 03;1585;546
21/02/2019;03 - 04;1647;574
21/02/2019;04 - 05;1693;604
21/02/2019;05 - 06;1738;619
21/02/2019;06 - 07;1785;623
21/02/2019;07 - 08;1780;634
21/02/2019;08 - 09;1675;666
21/02/2019;09 - 10;1562;684
21/02/2019;10 - 11;1503;694
21/02/2019;11 - 12;1481;698
21/02/2019;12 - 13;1400;709
21/02/2019;13 - 14;1401;721
21/02/2019;14 - 15;1397;696
21/02/2019;15 - 16;1393;633
21/02/2019;16 - 17;1275;589
21/02/2019;17 - 18;1092;584
21/02/2019;18 - 19;964;553
21/02/2019;19 - 20;888;506
21/02/2019;20 - 21;851;470
21/02/2019;21 - 22;823;436
21/02/2019;22 - 23;807;415
21/02/2019;23 - 00;827;408
22/02/2019;00 - 01;852;328
22/02/2019;01 - 02;874;362
22/02/2019;02 - 03;814;426
22/02/2019;03 - 04;830;490
22/02/2019;04 - 05;895;507
22/02/2019;05 - 06;917;487
22/02/2019;06 - 07;926;463
22/02/2019;07 - 08;928;441
22/02/2019;08 - 09;951;437
22/02/2019;09 - 10;918;459
22/02/2019;10 - 11;928;453
22/02/2019;11 - 12;895;383
22/02/2019;12 - 13;866;304
22/02/2019;13 - 14;787;282
22/02/2019;14 - 15;734;293
22/02/2019;15 - 16;669;252
22/02/2019;16 - 17;624;205
22/02/2019;17 - 18;588;182
22/02/2019;18 - 19;621;203
22/02/2019;19 - 20;749;224
22/02/2019;20 - 21;890;228
22/02/2019;21 - 22;1018;240
22/02/2019;22 - 23;1038;274
22/02/2019;23 - 00;1035;306
23/02/2019;00 - 01;1169;254
23/02/2019;01 - 02;1115;243
23/02/2019;02 - 03;1025;229
23/02/2019;03 - 04;941;210
23/02/2019;04 - 05;891;187
23/02/2019;05 - 06;851;177
23/02/2019;06 - 07;828;180
23/02/2019;07 - 08;817;199
23/02/2019;08 - 09;835;219
23/02/2019;09 - 10;807;230
23/02/2019;10 - 11;786;218
23/02/2019;11 - 12;726;186
23/02/2019;12 - 13;653;153
23/02/2019;13 - 14;629;141
23/02/2019;14 - 15;605;122
23/02/2019;15 - 16;574;103
23/02/2019;16 - 17;583;97
23/02/2019;17 - 18;692;112
23/02/2019;18 - 19;848;127
23/02/2019;19 - 20;881;148
23/02/2019;20 - 21;889;181
23/02/2019;21 - 22;905;211
23/02/2019;22 - 23;920;225
23/02/2019;23 - 00;900;217
24/02/2019;00 - 01;1224;166
24/02/2019;01 - 02;1178;158
24/02/2019;02 - 03;1150;158
24/02/2019;03 - 04;1087;146
24/02/2019;04 - 05;1081;132
24/02/2019;05 - 06;1069;131
24/02/2019;06 - 07;999;139
24/02/2019;07 - 08;899;145
24/02/2019;08 - 09;749;128
24/02/2019;09 - 10;648;112
24/02/2019;10 - 11;595;112
24/02/2019;11 - 12;575;115
24/02/2019;12 - 13;539;120
24/02/2019;13 - 14;539;133
24/02/2019;14 - 15;580;148
24/02/2019;15 - 16;645;159
24/02/2019;16 - 17;685;191
24/02/2019;17 - 18;693;233
24/02/2019;18 - 19;748;223
24/02/2019;19 - 20;771;210
24/02/2019;20 - 21;780;197
24/02/2019;21 - 22;727;164
24/02/2019;22 - 23;679;163
24/02/2019;23 - 00;713;168
25/02/2019;00 - 01;717;121
25/02/2019;01 - 02;741;123
25/02/2019;02 - 03;733;117
25/02/2019;03 - 04;797;103
25/02/2019;04 - 05;931;111
25/02/2019;05 - 06;928;139
25/02/2019;06 - 07;920;169
25/02/2019;07 - 08;918;178
25/02/2019;08 - 09;846;155
25/02/2019;09 - 10;770;128
25/02/2019;10 - 11;754;120
25/02/2019;11 - 12;794;127
25/02/2019;12 - 13;811;144
25/02/2019;13 - 14;809;172
25/02/2019;14 - 15;859;216
25/02/2019;15 - 16;974;231
25/02/2019;16 - 17;1064;253
25/02/2019;17 - 18;1068;290
25/02/2019;18 - 19;1095;309
25/02/2019;19 - 20;1071;307
25/02/2019;20 - 21;1047;308
25/02/2019;21 - 22;1001;315
25/02/2019;22 - 23;929;299
25/02/2019;23 - 00;838;254
26/02/2019;00 - 01;987;307
26/02/2019;01 - 02;870;306
26/02/2019;02 - 03;686;269
26/02/2019;03 - 04;519;217
26/02/2019;04 - 05;448;181
26/02/2019;05 - 06;350;135
26/02/2019;06 - 07;314;141
26/02/2019;07 - 08;292;146
26/02/2019;08 - 09;284;137
26/02/2019;09 - 10;275;117
26/02/2019;10 - 11;284;90
26/02/2019;11 - 12;283;65
26/02/2019;12 - 13;244;49
26/02/2019;13 - 14;206;36
26/02/2019;14 - 15;177;30
26/02/2019;15 - 16;169;26
26/02/2019;16 - 17;176;27
26/02/2019;17 - 18;203;58
26/02/2019;18 - 19;260;85
26/02/2019;19 - 20;341;80
26/02/2019;20 - 21;415;58
26/02/2019;21 - 22;440;37
26/02/2019;22 - 23;475;29
26/02/2019;23 - 00;505;29
27/02/2019;00 - 01;880;86
27/02/2019;01 - 02;879;120
27/02/2019;02 - 03;832;146
27/02/2019;03 - 04;869;159
27/02/2019;04 - 05;932;180
27/02/2019;05 - 06;913;204
27/02/2019;06 - 07;937;252
27/02/2019;07 - 08;929;304
27/02/2019;08 - 09;985;345
27/02/2019;09 - 10;982;369
27/02/2019;10 - 11;941;368
27/02/2019;11 - 12;904;361
27/02/2019;12 - 13;915;340
27/02/2019;13 - 14;930;361
27/02/2019;14 - 15;985;349
27/02/2019;15 - 16;1026;356
27/02/2019;16 - 17;1048;384
27/02/2019;17 - 18;1056;449
27/02/2019;18 - 19;1143;516
27/02/2019;19 - 20;1183;582
27/02/2019;20 - 21;1223;612
27/02/2019;21 - 22;1230;622
27/02/2019;22 - 23;1221;624
27/02/2019;23 - 00;1220;612
28/02/2019;00 - 01;1910;650
28/02/2019;01 - 02;1950;655
28/02/2019;02 - 03;1944;654
28/02/2019;03 - 04;1966;670
28/02/2019;04 - 05;2022;656
28/02/2019;05 - 06;1941;602
28/02/2019;06 - 07;1785;521
28/02/2019;07 - 08;1512;499
28/02/2019;08 - 09;1242;472
28/02/2019;09 - 10;977;409
28/02/2019;10 - 11;763;341
28/02/2019;11 - 12;562;289
28/02/2019;12 - 13;393;241
28/02/2019;13 - 14;372;221
28/02/2019;14 - 15;384;225
28/02/2019;15 - 16;395;228
28/02/2019;16 - 17;373;191
28/02/2019;17 - 18;343;128
28/02/2019;18 - 19;365;79
28/02/2019;19 - 20;347;46
28/02/2019;20 - 21;261;27
28/02/2019;21 - 22;200;18
28/02/2019;22 - 23;158;13
28/02/2019;23 - 00;142;12
01/03/2019;00 - 01;145;22
01/03/2019;01 - 02;168;24
01/03/2019;02 - 03;184;38
01/03/2019;03 - 04;200;45
01/03/2019;04 - 05;234;44
01/03/2019;05 - 06;262;45
01/03/2019;06 - 07;292;43
01/03/2019;07 - 08;295;42
01/03/2019;08 - 09;272;29
01/03/2019;09 - 10;228;24
01/03/2019;10 - 11;215;23
01/03/2019;11 - 12;201;23
01/03/2019;12 - 13;194;22
01/03/2019;13 - 14;189;20
01/03/2019;14 - 15;172;21
01/03/2019;15 - 16;138;20
01/03/2019;16 - 17;111;18
01/03/2019;17 - 18;103;17
01/03/2019;18 - 19;105;22
01/03/2019;19 - 20;95;29
01/03/2019;20 - 21;90;28
01/03/2019;21 - 22;96;27
01/03/2019;22 - 23;111;30
01/03/2019;23 - 00;158;35
02/03/2019;00 - 01;134;62
02/03/2019;01 - 02;177;57
02/03/2019;02 - 03;221;42
02/03/2019;03 - 04;245;33
02/03/2019;04 - 05;295;30
02/03/2019;05 - 06;347;25
02/03/2019;06 - 07;411;28
02/03/2019;07 - 08;440;30
02/03/2019;08 - 09;455;45
02/03/2019;09 - 10;467;56
02/03/2019;10 - 11;525;70
02/03/2019;11 - 12;614;81
02/03/2019;12 - 13;725;102
02/03/2019;13 - 14;844;125
02/03/2019;14 - 15;1017;138
02/03/2019;15 - 16;1148;132
02/03/2019;16 - 17;1260;135
02/03/2019;17 - 18;1400;141
02/03/2019;18 - 19;1552;177
02/03/2019;19 - 20;1676;252
02/03/2019;20 - 21;1821;362
02/03/2019;21 - 22;1930;476
02/03/2019;22 - 23;1926;561
02/03/2019;23 - 00;1921;608
03/03/2019;00 - 01;2552;668
03/03/2019;01 - 02;2566;699
03/03/2019;02 - 03;2672;691
03/03/2019;03 - 04;2879;704
03/03/2019;04 - 05;3119;743
03/03/2019;05 - 06;3140;842
03/03/2019;06 - 07;2997;898
03/03/2019;07 - 08;2800;885
03/03/2019;08 - 09;2658;858
03/03/2019;09 - 10;2541;807
03/03/2019;10 - 11;2580;744
03/03/2019;11 - 12;2691;660
03/03/2019;12 - 13;2782;634
03/03/2019;13 - 14;2787;646
03/03/2019;14 - 15;2641;603
03/03/2019;15 - 16;2267;532
03/03/2019;16 - 17;1912;469
03/03/2019;17 - 18;1566;399
03/03/2019;18 - 19;1341;320
03/03/2019;19 - 20;1245;230
03/03/2019;20 - 21;1130;172
03/03/2019;21 - 22;1049;171
03/03/2019;22 - 23;1028;333
03/03/2019;23 - 00;1058;466
04/03/2019;00 - 01;1505;646
04/03/2019;01 - 02;1933;715
04/03/2019;02 - 03;2404;784
04/03/2019;03 - 04;2733;850
04/03/2019;04 - 05;3076;862
04/03/2019;05 - 06;3040;852
04/03/2019;06 - 07;2892;821
04/03/2019;07 - 08;2675;773
04/03/2019;08 - 09;2421;738
04/03/2019;09 - 10;2243;744
04/03/2019;10 - 11;2251;758
04/03/2019;11 - 12;2318;760
04/03/2019;12 - 13;2438;846
04/03/2019;13 - 14;2558;936
04/03/2019;14 - 15;2710;1009
04/03/2019;15 - 16;2710;1012
04/03/2019;16 - 17;2669;1003
04/03/2019;17 - 18;2722;1006
04/03/2019;18 - 19;2781;980
04/03/2019;19 - 20;2816;974
04/03/2019;20 - 21;2867;959
04/03/2019;21 - 22;2867;931
04/03/2019;22 - 23;2857;917
04/03/2019;23 - 00;2856;912
05/03/2019;00 - 01;2714;930
05/03/2019;01 - 02;2633;960
05/03/2019;02 - 03;2408;965
05/03/2019;03 - 04;2252;988
05/03/2019;04 - 05;2180;1017
05/03/2019;05 - 06;2017;1012
05/03/2019;06 - 07;1899;980
05/03/2019;07 - 08;1813;937
05/03/2019;08 - 09;1708;901
05/03/2019;09 - 10;1549;865
05/03/2019;10 - 11;1512;836
05/03/2019;11 - 12;1481;814
05/03/2019;12 - 13;1457;802
05/03/2019;13 - 14;1463;789
05/03/2019;14 - 15;1470;792
05/03/2019;15 - 16;1354;770
05/03/2019;16 - 17;1176;739
05/03/2019;17 - 18;946;680
05/03/2019;18 - 19;767;623
05/03/2019;19 - 20;646;576
05/03/2019;20 - 21;579;529
05/03/2019;21 - 22;512;502
05/03/2019;22 - 23;462;443
05/03/2019;23 - 00;469;346
06/03/2019;00 - 01;422;297
06/03/2019;01 - 02;434;207
06/03/2019;02 - 03;492;166
06/03/2019;03 - 04;584;160
06/03/2019;04 - 05;719;158
06/03/2019;05 - 06;858;177
06/03/2019;06 - 07;996;211
06/03/2019;07 - 08;1186;266
06/03/2019;08 - 09;1401;314
06/03/2019;09 - 10;1480;344
06/03/2019;10 - 11;1535;382
06/03/2019;11 - 12;1658;444
06/03/2019;12 - 13;1873;516
06/03/2019;13 - 14;2068;606
06/03/2019;14 - 15;2244;700
06/03/2019;15 - 16;2340;756
06/03/2019;16 - 17;2393;782
06/03/2019;17 - 18;2458;813
06/03/2019;18 - 19;2444;836
06/03/2019;19 - 20;2347;866
06/03/2019;20 - 21;2213;852
06/03/2019;21 - 22;1993;811
06/03/2019;22 - 23;1799;766
06/03/2019;23 - 00;1642;724
07/03/2019;00 - 01;1776;759
07/03/2019;01 - 02;1636;738
07/03/2019;02 - 03;1486;696
07/03/2019;03 - 04;1342;658
07/03/2019;04 - 05;1290;618
07/03/2019;05 - 06;1198;626
07/03/2019;06 - 07;1143;593
07/03/2019;07 - 08;1100;576
07/03/2019;08 - 09;1011;621
07/03/2019;09 - 10;928;651
07/03/2019;10 - 11;945;666
07/03/2019;11 - 12;1027;713
07/03/2019;12 - 13;1233;785
07/03/2019;13 - 14;1591;860
07/03/2019;14 - 15;2168;944
07/03/2019;15 - 16;2640;970
07/03/2019;16 - 17;2764;879
07/03/2019;17 - 18;2986;792
07/03/2019;18 - 19;2969;746
07/03/2019;19 - 20;2814;786
07/03/2019;20 - 21;2592;805
07/03/2019;21 - 22;2333;817
07/03/2019;22 - 23;2077;857
07/03/2019;23 - 00;1771;874
08/03/2019;00 - 01;2570;948
08/03/2019;01 - 02;2247;972
08/03/2019;02 - 03;1946;970
08/03/2019;03 - 04;1837;961
08/03/2019;04 - 05;2008;943
08/03/2019;05 - 06;2437;928
08/03/2019;06 - 07;2867;902
08/03/2019;07 - 08;3113;898
08/03/2019;08 - 09;3284;946
08/03/2019;09 - 10;3121;948
08/03/2019;10 - 11;3097;930
08/03/2019;11 - 12;3152;927
08/03/2019;12 - 13;3222;928
08/03/2019;13 - 14;3339;941
08/03/2019;14 - 15;3395;973
08/03/2019;15 - 16;3399;1001
08/03/2019;16 - 17;3262;990
08/03/2019;17 - 18;3267;1001
08/03/2019;18 - 19;3026;968
08/03/2019;19 - 20;2742;952
08/03/2019;20 - 21;2497;908
08/03/2019;21 - 22;2279;803
08/03/2019;22 - 23;2087;744
08/03/2019;23 - 00;1829;686
09/03/2019;00 - 01;2105;584
09/03/2019;01 - 02;2210;614
09/03/2019;02 - 03;2453;654
09/03/2019;03 - 04;2719;716
09/03/2019;04 - 05;3002;800
09/03/2019;05 - 06;3170;897
09/03/2019;06 - 07;3240;952
09/03/2019;07 - 08;3283;961
09/03/2019;08 - 09;3440;974
09/03/2019;09 - 10;3402;960
09/03/2019;10 - 11;3378;954
09/03/2019;11 - 12;3315;960
09/03/2019;12 - 13;3290;967
09/03/2019;13 - 14;3327;984
09/03/2019;14 - 15;3317;988
09/03/2019;15 - 16;3271;973
09/03/2019;16 - 17;3174;956
09/03/2019;17 - 18;3292;991
09/03/2019;18 - 19;3310;998
09/03/2019;19 - 20;3313;1018
09/03/2019;20 - 21;3240;1025
09/03/2019;21 - 22;3114;1005
09/03/2019;22 - 23;3060;988
09/03/2019;23 - 00;2898;921
10/03/2019;00 - 01;3017;987
10/03/2019;01 - 02;3035;959
10/03/2019;02 - 03;3153;939
10/03/2019;03 - 04;3170;951
10/03/2019;04 - 05;2999;968
10/03/2019;05 - 06;2645;963
10/03/2019;06 - 07;2282;921
10/03/2019;07 - 08;1987;862
10/03/2019;08 - 09;1746;771
10/03/2019;09 - 10;1526;660
10/03/2019;10 - 11;1398;577
10/03/2019;11 - 12;1211;505
10/03/2019;12 - 13;1001;406
10/03/2019;13 - 14;868;283
10/03/2019;14 - 15;747;188
10/03/2019;15 - 16;658;150
10/03/2019;16 - 17;625;127
10/03/2019;17 - 18;650;127
10/03/2019;18 - 19;594;155
10/03/2019;19 - 20;581;230
10/03/2019;20 - 21;563;305
10/03/2019;21 - 22;528;294
10/03/2019;22 - 23;526;271
10/03/2019;23 - 00;547;248
11/03/2019;00 - 01;309;164
11/03/2019;01 - 02;308;118
11/03/2019;02 - 03;235;98
11/03/2019;03 - 04;175;67
11/03/2019;04 - 05;167;57
11/03/2019;05 - 06;146;61
11/03/2019;06 - 07;102;70
11/03/2019;07 - 08;93;77
11/03/2019;08 - 09;85;60
11/03/2019;09 - 10;87;58
11/03/2019;10 - 11;108;58
11/03/2019;11 - 12;137;70
11/03/2019;12 - 13;200;97
11/03/2019;13 - 14;319;120
11/03/2019;14 - 15;556;142
11/03/2019;15 - 16;810;150
11/03/2019;16 - 17;1002;152
11/03/2019;17 - 18;1230;137
11/03/2019;18 - 19;1331;143
11/03/2019;19 - 20;1365;177
11/03/2019;20 - 21;1316;271
11/03/2019;21 - 22;1197;368
11/03/2019;22 - 23;1023;378
11/03/2019;23 - 00;890;341
12/03/2019;00 - 01;901;207
12/03/2019;01 - 02;869;197
12/03/2019;02 - 03;775;248
12/03/2019;03 - 04;651;281
12/03/2019;04 - 05;636;284
12/03/2019;05 - 06;685;296
12/03/2019;06 - 07;808;300
12/03/2019;07 - 08;1000;320
12/03/2019;08 - 09;1300;358
12/03/2019;09 - 10;1608;379
12/03/2019;10 - 11;1978;433
12/03/2019;11 - 12;2432;478
12/03/2019;12 - 13;2820;519
12/03/2019;13 - 14;3187;623
12/03/2019;14 - 15;3425;766
12/03/2019;15 - 16;3486;884
12/03/2019;16 - 17;3380;935
12/03/2019;17 - 18;3511;992
12/03/2019;18 - 19;3522;1011
12/03/2019;19 - 20;3478;1028
12/03/2019;20 - 21;3445;1038
12/03/2019;21 - 22;3310;1023
12/03/2019;22 - 23;3131;1001
12/03/2019;23 - 00;2709;919
13/03/2019;00 - 01;2452;996
13/03/2019;01 - 02;2240;982
13/03/2019;02 - 03;2111;906
13/03/2019;03 - 04;2092;829
13/03/2019;04 - 05;2203;779
13/03/2019;05 - 06;2428;793
13/03/2019;06 - 07;2609;840
13/03/2019;07 - 08;2733;893
13/03/2019;08 - 09;2892;942
13/03/2019;09 - 10;2869;939
13/03/2019;10 - 11;2898;941
13/03/2019;11 - 12;2866;968
13/03/2019;12 - 13;2683;979
13/03/2019;13 - 14;2517;999
13/03/2019;14 - 15;2227;1016
13/03/2019;15 - 16;1929;1007
13/03/2019;16 - 17;1617;972
13/03/2019;17 - 18;1401;978
13/03/2019;18 - 19;1272;958
13/03/2019;19 - 20;1328;940
13/03/2019;20 - 21;1604;884
13/03/2019;21 - 22;1908;778
13/03/2019;22 - 23;2134;725
13/03/2019;23 - 00;2234;711
14/03/2019;00 - 01;2428;784
14/03/2019;01 - 02;2309;859
14/03/2019;02 - 03;2046;831
14/03/2019;03 - 04;1764;803
14/03/2019;04 - 05;1589;780
14/03/2019;05 - 06;1523;746
14/03/2019;06 - 07;1491;684
14/03/2019;07 - 08;1502;632
14/03/2019;08 - 09;1566;617
14/03/2019;09 - 10;1602;612
14/03/2019;10 - 11;1695;597
14/03/2019;11 - 12;1794;628
14/03/2019;12 - 13;1856;696
14/03/2019;13 - 14;1860;759
14/03/2019;14 - 15;1675;785
14/03/2019;15 - 16;1489;767
14/03/2019;16 - 17;1366;722
14/03/2019;17 - 18;1469;686
14/03/2019;18 - 19;1669;622
14/03/2019;19 - 20;1760;532
14/03/2019;20 - 21;1852;462
14/03/2019;21 - 22;1898;510
14/03/2019;22 - 23;1832;683
14/03/2019;23 - 00;1706;718
15/03/2019;00 - 01;1734;578
15/03/2019;01 - 02;1760;634
15/03/2019;02 - 03;1610;671
15/03/2019;03 - 04;1464;726
15/03/2019;04 - 05;1407;758
15/03/2019;05 - 06;1269;780
15/03/2019;06 - 07;1140;726
15/03/2019;07 - 08;1111;636
15/03/2019;08 - 09;1195;574
15/03/2019;09 - 10;1285;536
15/03/2019;10 - 11;1381;500
15/03/2019;11 - 12;1365;508
15/03/2019;12 - 13;1349;585
15/03/2019;13 - 14;1289;644
15/03/2019;14 - 15;1285;702
15/03/2019;15 - 16;1337;732
15/03/2019;16 - 17;1606;754
15/03/2019;17 - 18;2060;782
15/03/2019;18 - 19;2451;836
15/03/2019;19 - 20;2706;941
15/03/2019;20 - 21;2951;1001
15/03/2019;21 - 22;3150;1010
15/03/2019;22 - 23;3231;1011
15/03/2019;23 - 00;3206;978
16/03/2019;00 - 01;3330;1015
16/03/2019;01 - 02;3243;1017
16/03/2019;02 - 03;3109;954
16/03/2019;03 - 04;2918;926
16/03/2019;04 - 05;2799;894
16/03/2019;05 - 06;2660;874
16/03/2019;06 - 07;2448;828
16/03/2019;07 - 08;2234;792
16/03/2019;08 - 09;2197;782
16/03/2019;09 - 10;2133;735
16/03/2019;10 - 11;2056;706
16/03/2019;11 - 12;1813;660
16/03/2019;12 - 13;1554;567
16/03/2019;13 - 14;1322;455
16/03/2019;14 - 15;1054;368
16/03/2019;15 - 16;906;299
16/03/2019;16 - 17;885;334
16/03/2019;17 - 18;1063;445
16/03/2019;18 - 19;1416;501
16/03/2019;19 - 20;1805;583
16/03/2019;20 - 21;2266;686
16/03/2019;21 - 22;2654;766
16/03/2019;22 - 23;2906;840
16/03/2019;23 - 00;3024;873
17/03/2019;00 - 01;3327;937
17/03/2019;01 - 02;3415;941
17/03/2019;02 - 03;3308;904
17/03/2019;03 - 04;3230;913
17/03/2019;04 - 05;3514;930
17/03/2019;05 - 06;3504;964
17/03/2019;06 - 07;3345;972
17/03/2019;07 - 08;3240;962
17/03/2019;08 - 09;3354;964
17/03/2019;09 - 10;3355;926
17/03/2019;10 - 11;3465;885
17/03/2019;11 - 12;3606;889
17/03/2019;12 - 13;3695;956
17/03/2019;13 - 14;3780;996
17/03/2019;14 - 15;3739;1012
17/03/2019;15 - 16;3676;1015
17/03/2019;16 - 17;3611;1014
17/03/2019;17 - 18;3685;1040
17/03/2019;18 - 19;3717;1052
17/03/2019;19 - 20;3815;1081
17/03/2019;20 - 21;3892;1095
17/03/2019;21 - 22;3897;1094
17/03/2019;22 - 23;3888;1090
17/03/2019;23 - 00;3754;1048
18/03/2019;00 - 01;3678;1011
18/03/2019;01 - 02;3695;1018
18/03/2019;02 - 03;3556;980
18/03/2019;03 - 04;3385;977
18/03/2019;04 - 05;3276;969
18/03/2019;05 - 06;3160;994
18/03/2019;06 - 07;3015;998
18/03/2019;07 - 08;2876;977
18/03/2019;08 - 09;2890;990
18/03/2019;09 - 10;2909;977
18/03/2019;10 - 11;2907;940
18/03/2019;11 - 12;2944;930
18/03/2019;12 - 13;2950;918
18/03/2019;13 - 14;2926;899
18/03/2019;14 - 15;2790;858
18/03/2019;15 - 16;2603;806
18/03/2019;16 - 17;2388;759
18/03/2019;17 - 18;2227;713
18/03/2019;18 - 19;2058;680
18/03/2019;19 - 20;2028;670
18/03/2019;20 - 21;2025;661
18/03/2019;21 - 22;1940;644
18/03/2019;22 - 23;1778;585
18/03/2019;23 - 00;1595;496
19/03/2019;00 - 01;1243;383
19/03/2019;01 - 02;1177;357
19/03/2019;02 - 03;1071;316
19/03/2019;03 - 04;947;288
19/03/2019;04 - 05;852;267
19/03/2019;05 - 06;777;254
19/03/2019;06 - 07;707;228
19/03/2019;07 - 08;605;202
19/03/2019;08 - 09;494;169
19/03/2019;09 - 10;394;154
19/03/2019;10 - 11;310;142
19/03/2019;11 - 12;283;141
19/03/2019;12 - 13;283;155
19/03/2019;13 - 14;294;158
19/03/2019;14 - 15;302;139
19/03/2019;15 - 16;372;119
19/03/2019;16 - 17;417;103
19/03/2019;17 - 18;406;71
19/03/2019;18 - 19;432;46
19/03/2019;19 - 20;488;50
19/03/2019;20 - 21;580;108
19/03/2019;21 - 22;740;157
19/03/2019;22 - 23;971;141
19/03/2019;23 - 00;1313;133
20/03/2019;00 - 01;1834;155
20/03/2019;01 - 02;2117;207
20/03/2019;02 - 03;2256;261
20/03/2019;03 - 04;2330;313
20/03/2019;04 - 05;2404;369
20/03/2019;05 - 06;2383;487
20/03/2019;06 - 07;2245;580
20/03/2019;07 - 08;2047;611
20/03/2019;08 - 09;1860;645
20/03/2019;09 - 10;1639;652
20/03/2019;10 - 11;1502;639
20/03/2019;11 - 12;1466;647
20/03/2019;12 - 13;1483;641
20/03/2019;13 - 14;1524;629
20/03/2019;14 - 15;1484;593
20/03/2019;15 - 16;1418;559
20/03/2019;16 - 17;1264;516
20/03/2019;17 - 18;1108;469
20/03/2019;18 - 19;1021;465
20/03/2019;19 - 20;989;466
20/03/2019;20 - 21;979;460
20/03/2019;21 - 22;955;450
20/03/2019;22 - 23;1007;414
20/03/2019;23 - 00;1141;351
21/03/2019;00 - 01;1399;292
21/03/2019;01 - 02;1573;305
21/03/2019;02 - 03;1694;328
21/03/2019;03 - 04;1878;365
21/03/2019;04 - 05;2018;414
21/03/2019;05 - 06;2131;482
21/03/2019;06 - 07;2198;530
21/03/2019;07 - 08;2166;533
21/03/2019;08 - 09;2219;578
21/03/2019;09 - 10;2211;607
21/03/2019;10 - 11;2181;618
21/03/2019;11 - 12;2198;665
21/03/2019;12 - 13;2255;735
21/03/2019;13 - 14;2210;757
21/03/2019;14 - 15;2020;749
21/03/2019;15 - 16;1788;715
21/03/2019;16 - 17;1569;640
21/03/2019;17 - 18;1412;548
21/03/2019;18 - 19;1264;514
21/03/2019;19 - 20;1154;517
21/03/2019;20 - 21;1072;483
21/03/2019;21 - 22;988;448
21/03/2019;22 - 23;892;418
21/03/2019;23 - 00;734;356
22/03/2019;00 - 01;337;234
22/03/2019;01 - 02;186;182
22/03/2019;02 - 03;113;141
22/03/2019;03 - 04;76;100
22/03/2019;04 - 05;82;56
22/03/2019;05 - 06;122;35
22/03/2019;06 - 07;203;16
22/03/2019;07 - 08;266;14
22/03/2019;08 - 09;327;21
22/03/2019;09 - 10;408;21
22/03/2019;10 - 11;539;24
22/03/2019;11 - 12;729;38
22/03/2019;12 - 13;959;62
22/03/2019;13 - 14;1134;77
22/03/2019;14 - 15;1261;88
22/03/2019;15 - 16;1442;107
22/03/2019;16 - 17;1544;119
22/03/2019;17 - 18;1630;127
22/03/2019;18 - 19;1723;143
22/03/2019;19 - 20;1803;155
22/03/2019;20 - 21;1838;193
22/03/2019;21 - 22;1870;267
22/03/2019;22 - 23;1919;349
22/03/2019;23 - 00;1918;415
23/03/2019;00 - 01;1539;520
23/03/2019;01 - 02;1481;525
23/03/2019;02 - 03;1471;432
23/03/2019;03 - 04;1487;331
23/03/2019;04 - 05;1430;288
23/03/2019;05 - 06;1351;296
23/03/2019;06 - 07;1315;304
23/03/2019;07 - 08;1321;331
23/03/2019;08 - 09;1450;345
23/03/2019;09 - 10;1652;351
23/03/2019;10 - 11;1871;370
23/03/2019;11 - 12;2090;389
23/03/2019;12 - 13;2336;385
23/03/2019;13 - 14;2497;426
23/03/2019;14 - 15;2550;498
23/03/2019;15 - 16;2545;511
23/03/2019;16 - 17;2402;481
23/03/2019;17 - 18;2177;409
23/03/2019;18 - 19;1889;366
23/03/2019;19 - 20;1747;360
23/03/2019;20 - 21;1707;352
23/03/2019;21 - 22;1653;351
23/03/2019;22 - 23;1590;338
23/03/2019;23 - 00;1480;304
24/03/2019;00 - 01;1378;248
24/03/2019;01 - 02;1265;231
24/03/2019;02 - 03;1109;209
24/03/2019;03 - 04;984;186
24/03/2019;04 - 05;937;159
24/03/2019;05 - 06;938;136
24/03/2019;06 - 07;929;120
24/03/2019;07 - 08;990;105
24/03/2019;08 - 09;1156;104
24/03/2019;09 - 10;1409;97
24/03/2019;10 - 11;1736;101
24/03/2019;11 - 12;1986;124
24/03/2019;12 - 13;2195;163
24/03/2019;13 - 14;2347;206
24/03/2019;14 - 15;2526;255
24/03/2019;15 - 16;2589;305
24/03/2019;16 - 17;2552;361
24/03/2019;17 - 18;2594;477
24/03/2019;18 - 19;2525;557
24/03/2019;19 - 20;2544;615
24/03/2019;20 - 21;2645;663
24/03/2019;21 - 22;2664;693
24/03/2019;22 - 23;2547;718
24/03/2019;23 - 00;2501;763
25/03/2019;00 - 01;1983;679
25/03/2019;01 - 02;1905;678
25/03/2019;02 - 03;1807;644
25/03/2019;03 - 04;1708;606
25/03/2019;04 - 05;1707;583
25/03/2019;05 - 06;1752;577
25/03/2019;06 - 07;1847;542
25/03/2019;07 - 08;1902;475
25/03/2019;08 - 09;1968;450
25/03/2019;09 - 10;2080;433
25/03/2019;10 - 11;2098;421
25/03/2019;11 - 12;2048;395
25/03/2019;12 - 13;2040;415
25/03/2019;13 - 14;1988;487
25/03/2019;14 - 15;1814;577
25/03/2019;15 - 16;1636;619
25/03/2019;16 - 17;1468;598
25/03/2019;17 - 18;1209;505
25/03/2019;18 - 19;993;367
25/03/2019;19 - 20;1025;305
25/03/2019;20 - 21;1191;253
25/03/2019;21 - 22;1415;188
25/03/2019;22 - 23;1672;180
25/03/2019;23 - 00;1912;239
26/03/2019;00 - 01;2499;321
26/03/2019;01 - 02;2608;445
26/03/2019;02 - 03;2650;587
26/03/2019;03 - 04;2609;692
26/03/2019;04 - 05;2655;736
26/03/2019;05 - 06;2709;769
26/03/2019;06 - 07;2645;768
26/03/2019;07 - 08;2566;759
26/03/2019;08 - 09;2490;762
26/03/2019;09 - 10;2371;747
26/03/2019;10 - 11;2133;720
26/03/2019;11 - 12;1703;640
26/03/2019;12 - 13;1333;526
26/03/2019;13 - 14;1122;426
26/03/2019;14 - 15;1014;342
26/03/2019;15 - 16;971;281
26/03/2019;16 - 17;965;216
26/03/2019;17 - 18;955;152
26/03/2019;18 - 19;943;107
26/03/2019;19 - 20;1045;111
26/03/2019;20 - 21;1181;160
26/03/2019;21 - 22;1350;227
26/03/2019;22 - 23;1571;257
26/03/2019;23 - 00;1822;273
27/03/2019;00 - 01;1714;288
27/03/2019;01 - 02;1775;314
27/03/2019;02 - 03;1800;372
27/03/2019;03 - 04;1771;416
27/03/2019;04 - 05;1723;428
27/03/2019;05 - 06;1739;464
27/03/2019;06 - 07;1728;505
27/03/2019;07 - 08;1721;522
27/03/2019;08 - 09;1746;539
27/03/2019;09 - 10;1738;555
27/03/2019;10 - 11;1638;544
27/03/2019;11 - 12;1510;540
27/03/2019;12 - 13;1424;528
27/03/2019;13 - 14;1387;518
27/03/2019;14 - 15;1370;514
27/03/2019;15 - 16;1352;504
27/03/2019;16 - 17;1317;513
27/03/2019;17 - 18;1291;532
27/03/2019;18 - 19;1246;513
27/03/2019;19 - 20;1274;488
27/03/2019;20 - 21;1317;456
27/03/2019;21 - 22;1283;412
27/03/2019;22 - 23;1187;338
27/03/2019;23 - 00;1120;245
28/03/2019;00 - 01;1299;398
28/03/2019;01 - 02;1221;394
28/03/2019;02 - 03;1147;374
28/03/2019;03 - 04;1100;361
28/03/2019;04 - 05;1107;321
28/03/2019;05 - 06;1088;310
28/03/2019;06 - 07;1051;291
28/03/2019;07 - 08;1046;253
28/03/2019;08 - 09;1063;223
28/03/2019;09 - 10;1079;184
28/03/2019;10 - 11;1076;157
28/03/2019;11 - 12;1116;165
28/03/2019;12 - 13;1175;176
28/03/2019;13 - 14;1219;175
28/03/2019;14 - 15;1242;147
28/03/2019;15 - 16;1241;135
28/03/2019;16 - 17;1219;150
28/03/2019;17 - 18;1168;172
28/03/2019;18 - 19;1094;181
28/03/2019;19 - 20;1119;186
28/03/2019;20 - 21;1188;207
28/03/2019;21 - 22;1262;239
28/03/2019;22 - 23;1340;262
28/03/2019;23 - 00;1435;274
29/03/2019;00 - 01;1677;303
29/03/2019;01 - 02;1769;305
29/03/2019;02 - 03;1866;307
29/03/2019;03 - 04;1918;340
29/03/2019;04 - 05;2030;361
29/03/2019;05 - 06;2188;417
29/03/2019;06 - 07;2274;410
29/03/2019;07 - 08;2371;406
29/03/2019;08 - 09;2463;429
29/03/2019;09 - 10;2528;434
29/03/2019;10 - 11;2561;444
29/03/2019;11 - 12;2595;496
29/03/2019;12 - 13;2641;547
29/03/2019;13 - 14;2626;577
29/03/2019;14 - 15;2549;578
29/03/2019;15 - 16;2371;528
29/03/2019;16 - 17;2151;480
29/03/2019;17 - 18;1957;435
29/03/2019;18 - 19;1777;438
29/03/2019;19 - 20;1765;470
29/03/2019;20 - 21;1761;480
29/03/2019;21 - 22;1728;453
29/03/2019;22 - 23;1668;412
29/03/2019;23 - 00;1548;362
30/03/2019;00 - 01;1230;260
30/03/2019;01 - 02;1067;238
30/03/2019;02 - 03;909;194
30/03/2019;03 - 04;819;160
30/03/2019;04 - 05;797;154
30/03/2019;05 - 06;851;182
30/03/2019;06 - 07;929;216
30/03/2019;07 - 08;1018;231
30/03/2019;08 - 09;1135;251
30/03/2019;09 - 10;1298;264
30/03/2019;10 - 11;1424;262
30/03/2019;11 - 12;1572;256
30/03/2019;12 - 13;1724;268
30/03/2019;13 - 14;1766;287
30/03/2019;14 - 15;1783;315
30/03/2019;15 - 16;1781;356
30/03/2019;16 - 17;1802;383
30/03/2019;17 - 18;1862;416
30/03/2019;18 - 19;1824;478
30/03/2019;19 - 20;1855;513
30/03/2019;20 - 21;1889;542
30/03/2019;21 - 22;1947;581
30/03/2019;22 - 23;2041;604
30/03/2019;23 - 00;2247;565
31/03/2019;00 - 01;2390;504
31/03/2019;01 - 02;2523;491
31/03/2019;02 - 03;;
31/03/2019;03 - 04;2599;487
31/03/2019;04 - 05;2646;520
31/03/2019;05 - 06;2718;544
31/03/2019;06 - 07;2761;581
31/03/2019;07 - 08;2704;634
31/03/2019;08 - 09;2591;682
31/03/2019;09 - 10;2640;737
31/03/2019;10 - 11;2633;745
31/03/2019;11 - 12;2498;711
31/03/2019;12 - 13;2251;633
31/03/2019;13 - 14;2029;516
31/03/2019;14 - 15;1929;428
31/03/2019;15 - 16;1832;367
31/03/2019;16 - 17;1745;316
31/03/2019;17 - 18;1618;275
31/03/2019;18 - 19;1355;227
31/03/2019;19 - 20;962;160
31/03/2019;20 - 21;688;125
31/03/2019;21 - 22;535;119
31/03/2019;22 - 23;425;113
31/03/2019;23 - 00;309;89