Elspot Prices in DKK/MWh;;;;;;;;;;;;;;;;;;
Data was last updated 10-01-2018;;;;;;;;;;;;;;;;;;
;SYS;SE1;SE2;SE3;SE4;FI;DK1;DK2;Oslo;Kr.sand;Bergen;Molde;Tr.heim;Tromsø;EE;LV;LT;FRE
01/01/2016;123,90;123,78;123,78;124,00;124,00;126,26;124,00;124,00;124,00;124,00;124,00;123,78;123,78;123,78;126,26;210,11;210,11;
02/01/2016;117,11;116,51;116,51;116,51;116,51;174,91;106,91;116,51;116,51;114,88;116,51;116,60;116,60;116,60;174,91;236,85;236,85;
03/01/2016;125,35;126,53;126,53;126,53;126,53;144,67;87,83;126,53;126,53;119,76;126,53;127,03;127,03;127,03;144,67;270,70;270,70;144,67
04/01/2016;143,31;139,46;139,46;142,23;142,23;216,34;126,25;142,23;142,23;138,54;139,53;139,46;139,46;139,46;216,34;334,48;334,48;216,34
05/01/2016;170,74;158,05;158,05;158,05;158,05;245,52;147,48;158,05;158,05;147,48;147,48;158,05;158,05;152,47;245,52;345,80;345,80;245,52
06/01/2016;224,52;214,10;214,10;214,10;214,10;272,15;192,17;214,10;214,10;192,17;192,17;214,10;214,10;214,10;272,15;321,48;321,48;272,15
07/01/2016;290,51;372,90;372,90;372,90;372,90;432,02;178,92;372,90;359,29;178,92;178,92;372,90;372,90;372,90;432,02;440,42;440,42;432,02
08/01/2016;244,32;227,38;227,38;227,38;227,38;396,27;191,07;227,38;221,10;200,59;201,29;227,38;227,38;227,38;396,27;432,22;432,22;396,27
09/01/2016;198,69;184,89;184,89;184,89;184,89;253,89;182,12;184,89;182,12;182,12;182,12;184,89;184,89;183,66;253,89;622,66;622,66;253,89
10/01/2016;164,88;160,44;160,44;160,44;160,44;218,46;158,04;160,50;160,44;160,21;160,21;160,44;160,44;160,31;218,46;342,85;342,85;218,46
11/01/2016;249,01;184,17;184,17;242,30;244,09;314,27;242,30;244,09;242,30;242,30;242,30;184,17;184,17;183,78;314,27;652,17;652,17;
12/01/2016;233,70;181,96;181,96;228,17;228,26;255,60;220,34;228,49;220,34;220,34;220,34;181,96;181,96;181,96;255,60;494,85;494,85;
13/01/2016;250,59;228,99;228,99;257,18;257,18;274,75;218,13;257,18;223,98;217,23;217,23;228,99;228,99;228,99;274,75;560,35;594,21;
14/01/2016;321,09;194,40;194,40;416,78;416,78;423,35;225,02;416,78;416,78;225,02;225,02;193,68;193,68;193,68;406,26;421,10;421,10;
15/01/2016;312,76;192,85;192,85;434,56;434,56;451,83;252,46;434,56;434,54;254,35;254,35;192,85;192,85;192,85;451,83;475,06;485,22;
16/01/2016;201,07;185,56;185,56;208,79;208,79;222,66;207,47;208,79;208,79;207,47;207,47;185,56;185,56;171,97;222,66;289,84;289,84;222,66
17/01/2016;189,91;181,05;181,05;197,28;197,43;206,00;196,97;197,43;197,28;197,28;197,28;181,05;181,05;178,07;206,00;272,98;272,98;206,00
18/01/2016;367,62;322,43;322,43;322,43;322,43;422,92;282,17;322,43;322,43;283,04;283,04;320,27;320,27;319,20;422,92;435,19;435,19;
19/01/2016;413,16;426,54;426,54;426,54;426,54;441,81;327,08;426,54;353,03;341,08;341,08;426,54;426,54;426,54;417,84;423,96;423,96;
20/01/2016;375,94;380,01;380,01;380,01;380,01;395,49;363,04;380,01;379,60;363,04;363,04;380,01;380,01;320,36;389,45;389,75;389,75;
21/01/2016;604,35;657,46;657,46;657,46;657,46;685,93;387,04;657,46;644,72;387,04;387,04;657,46;657,46;657,46;681,52;683,66;683,66;
22/01/2016;279,82;312,35;312,35;312,35;312,35;399,15;207,42;312,35;288,16;207,42;207,42;312,35;312,35;312,35;399,15;412,96;412,96;
23/01/2016;183,42;178,01;178,01;178,01;178,06;227,63;178,01;178,06;178,01;178,01;178,01;178,01;178,01;177,25;227,63;277,00;277,00;227,63
24/01/2016;168,29;166,16;166,16;166,16;166,16;184,63;166,16;166,16;166,16;166,16;166,16;166,16;166,16;162,58;184,63;260,50;260,50;184,63
25/01/2016;197,12;174,85;174,85;180,46;180,76;249,51;180,46;180,76;180,46;180,46;180,46;174,85;174,85;174,85;249,51;341,70;367,12;
26/01/2016;138,02;135,78;135,78;135,78;135,78;211,08;135,78;135,78;135,78;135,78;135,78;135,78;135,78;132,31;211,08;311,92;311,92;
27/01/2016;127,39;124,30;124,30;124,32;124,32;215,29;109,10;111,04;124,48;124,48;124,48;124,30;124,30;123,00;215,29;288,47;288,47;
28/01/2016;128,07;125,28;125,28;125,28;125,28;214,18;123,13;123,48;125,28;125,28;125,28;125,28;125,28;125,28;218,90;288,74;288,74;
29/01/2016;124,79;120,32;120,32;120,32;120,32;210,77;120,32;120,32;121,31;121,31;121,31;123,17;123,17;121,60;210,77;280,82;280,82;
30/01/2016;110,78;101,85;101,85;101,85;101,85;101,85;84,93;101,99;114,08;114,08;114,08;114,92;114,92;114,22;103,43;222,51;222,51;
31/01/2016;123,54;122,79;122,79;122,79;122,79;160,06;83,85;103,04;123,01;123,01;123,01;122,79;122,79;122,79;160,06;227,01;227,01;
01/02/2016;143,47;131,75;131,75;138,97;138,97;223,44;135,66;139,77;138,98;138,98;138,98;131,75;131,75;131,75;223,44;287,33;287,33;
02/02/2016;128,49;126,10;126,10;126,10;126,10;222,45;99,33;107,98;126,31;126,31;126,31;126,37;126,37;126,37;222,45;228,32;228,32;
03/02/2016;137,21;132,48;132,48;132,48;132,48;226,74;123,32;123,36;132,48;132,48;132,48;132,48;132,48;132,48;226,74;232,39;232,39;
04/02/2016;139,43;135,04;135,04;135,94;135,94;217,87;135,81;136,24;135,94;135,94;135,94;135,04;135,04;135,04;217,87;235,37;235,37;
05/02/2016;171,72;153,38;153,38;155,05;155,05;252,33;155,05;155,05;155,05;155,05;155,05;153,38;153,38;151,24;252,33;260,83;260,83;
06/02/2016;121,18;119,44;119,44;119,44;119,44;201,07;114,56;119,44;119,44;119,44;119,44;119,51;119,51;119,51;220,38;221,40;221,40;
07/02/2016;111,59;109,70;109,70;109,70;109,70;112,54;71,02;109,24;110,54;110,54;110,54;116,88;116,88;116,88;172,15;188,70;188,70;
08/02/2016;115,50;107,48;107,48;107,48;107,48;213,87;97,89;107,48;111,18;111,18;111,18;126,34;126,34;119,55;215,88;234,58;234,58;
09/02/2016;128,20;126,68;126,68;126,68;126,68;202,98;99,88;99,88;126,68;126,68;126,68;128,12;128,12;128,12;203,58;223,99;223,99;
10/02/2016;149,39;146,72;146,72;146,72;148,90;208,71;146,72;148,90;139,26;139,26;139,26;146,72;146,72;146,11;215,95;221,87;221,87;
11/02/2016;153,40;144,16;144,16;153,36;153,36;232,78;154,35;154,35;144,92;144,92;144,92;144,16;144,16;144,00;251,43;258,10;258,10;
12/02/2016;162,80;141,50;141,50;172,74;183,29;239,87;179,18;184,12;162,94;162,94;154,91;141,50;141,50;141,39;258,67;277,12;277,12;
13/02/2016;140,53;139,06;139,06;139,06;139,06;170,45;139,06;139,06;139,06;139,06;139,06;139,06;139,06;139,06;237,09;238,81;238,81;170,45
14/02/2016;130,69;130,82;130,82;130,82;131,54;137,39;128,83;130,10;130,10;130,10;130,10;130,82;130,82;130,82;209,69;222,29;222,29;137,39
15/02/2016;170,87;155,37;155,37;160,47;160,47;214,88;158,02;160,47;156,33;156,33;156,33;155,37;155,37;155,37;224,99;245,97;245,97;
16/02/2016;200,42;191,97;191,97;195,33;202,80;208,58;195,33;209,47;186,03;186,03;186,03;191,97;191,97;190,47;211,55;243,11;243,11;
17/02/2016;139,95;138,64;138,64;138,64;141,56;198,43;137,89;141,56;138,64;138,64;138,64;138,64;138,64;135,53;208,47;244,89;244,89;
18/02/2016;180,16;172,40;172,40;172,40;197,58;199,29;172,40;197,58;172,40;172,40;172,40;172,40;172,40;137,96;204,43;209,22;209,22;
19/02/2016;159,25;154,50;154,50;154,50;180,06;203,16;154,50;180,06;154,50;154,50;154,50;154,59;154,59;135,62;210,04;210,05;210,05;
20/02/2016;125,12;122,04;122,04;122,04;122,04;154,45;98,13;102,38;122,19;122,19;122,19;134,04;134,04;130,79;156,85;156,85;156,85;
21/02/2016;121,07;120,11;120,11;120,11;120,11;120,21;69,82;92,73;120,11;120,11;120,11;135,66;135,66;129,30;136,88;136,88;136,88;
22/02/2016;138,88;139,26;139,26;139,26;139,26;148,82;111,16;114,21;139,26;139,04;139,26;141,87;141,87;139,24;190,39;190,39;190,39;148,82
23/02/2016;147,38;147,58;147,58;147,58;147,58;154,74;146,54;147,58;147,58;147,58;147,58;147,58;147,58;144,72;183,33;183,33;183,33;154,74
24/02/2016;152,33;149,38;149,38;149,38;149,38;210,45;149,38;149,38;149,38;149,38;149,38;149,38;149,38;147,56;210,45;211,06;211,06;
25/02/2016;193,15;192,72;192,72;192,72;193,67;220,20;191,08;193,67;176,77;176,40;176,40;192,72;192,72;162,76;220,67;220,75;220,75;
26/02/2016;178,06;169,37;169,37;169,37;175,46;211,28;164,35;175,46;164,46;164,46;164,46;169,37;169,37;169,37;214,33;214,39;214,39;
27/02/2016;146,51;145,64;145,64;145,64;147,14;163,81;145,64;147,14;145,64;145,64;145,64;145,64;145,64;145,64;197,15;197,15;197,15;163,81
28/02/2016;141,99;141,30;141,30;141,30;142,89;148,65;141,29;142,89;141,10;141,10;141,10;141,30;141,30;141,30;194,97;194,97;194,97;148,65
29/02/2016;185,82;165,73;165,73;165,73;173,51;225,84;165,55;173,51;165,26;165,26;165,26;165,73;165,73;161,64;226,70;226,70;226,70;
01/03/2016;153,46;149,07;149,07;149,07;154,86;211,41;149,07;154,86;149,07;149,07;146,74;149,07;149,07;149,07;211,41;212,99;212,99;
02/03/2016;178,59;162,36;162,36;162,88;174,24;220,22;159,83;174,24;162,88;162,88;162,88;162,36;162,36;162,36;221,93;223,09;223,09;
03/03/2016;190,61;167,13;167,13;167,13;198,11;228,05;166,49;198,11;167,13;167,13;167,13;167,13;167,13;166,69;229,68;229,68;229,68;
04/03/2016;177,35;165,49;165,49;165,49;169,03;229,68;165,49;169,03;165,49;165,49;165,49;165,49;165,49;165,48;229,68;229,68;229,68;
05/03/2016;149,97;149,88;149,88;149,88;149,88;156,11;144,69;149,88;149,88;149,88;149,88;149,88;149,88;149,88;197,95;197,95;197,95;156,11
06/03/2016;147,66;147,65;147,65;147,65;147,79;147,65;147,65;147,79;147,65;147,65;147,65;147,65;147,65;147,65;187,33;188,10;188,10;147,65
07/03/2016;174,96;175,24;175,24;175,24;178,35;175,24;175,24;178,35;172,83;172,83;172,83;175,24;175,24;175,24;212,21;212,21;212,21;
08/03/2016;189,85;191,15;191,15;191,15;193,13;191,15;191,35;193,13;183,11;183,11;183,11;191,15;191,15;191,15;218,78;218,78;218,78;
09/03/2016;181,11;170,60;170,60;170,60;175,11;247,04;170,60;175,11;167,83;167,83;167,83;170,60;170,60;170,60;250,85;250,85;250,85;
10/03/2016;186,62;177,77;177,77;177,77;177,84;241,63;177,41;177,84;172,87;172,87;172,87;177,77;177,77;177,77;245,15;245,15;245,15;
11/03/2016;199,43;199,91;199,91;199,91;199,91;237,10;199,91;199,91;182,90;182,90;182,90;199,91;199,91;160,11;238,78;238,78;238,78;
12/03/2016;168,15;172,32;172,32;172,32;172,32;172,32;172,32;172,32;169,94;169,94;169,94;172,32;172,32;143,58;184,42;184,42;184,42;172,32
13/03/2016;160,46;163,20;163,20;163,20;163,44;163,20;163,20;163,44;163,20;163,20;163,20;163,20;163,20;142,47;173,33;173,33;173,33;163,20
14/03/2016;168,41;169,06;169,06;169,06;187,71;239,66;170,87;187,71;166,94;166,94;166,94;169,06;169,06;152,85;239,66;239,66;239,66;
15/03/2016;165,81;167,54;167,54;167,54;185,76;216,94;167,54;185,76;165,07;165,07;165,07;167,54;167,54;151,82;221,09;221,09;221,09;
16/03/2016;162,24;163,00;163,00;163,00;179,01;198,00;165,24;179,01;162,85;162,85;162,85;163,00;163,00;153,08;210,60;210,60;210,60;
17/03/2016;163,20;165,28;165,28;165,28;176,16;179,79;165,28;176,16;165,20;165,20;165,20;165,28;165,28;151,08;204,28;204,28;204,28;
18/03/2016;162,75;162,14;162,14;162,14;165,70;217,32;162,14;165,70;162,14;162,14;162,14;162,94;162,94;154,78;217,32;217,32;217,32;
19/03/2016;159,81;159,93;159,93;159,93;159,93;161,05;159,93;159,93;159,93;159,93;159,93;159,93;159,93;158,28;166,55;166,55;166,55;
20/03/2016;151,90;151,91;151,91;151,91;151,91;152,28;150,11;151,91;151,91;151,91;151,91;151,91;151,91;151,91;224,42;224,42;224,42;
21/03/2016;161,78;159,95;159,95;159,95;159,95;267,14;159,95;159,95;159,95;159,95;159,95;159,95;159,95;159,95;271,45;276,57;305,39;
22/03/2016;162,88;164,84;164,84;164,84;164,84;243,65;163,13;164,84;160,31;160,31;160,31;164,84;164,84;164,84;246,74;248,01;327,86;
23/03/2016;162,02;160,92;160,92;160,92;161,86;258,43;160,92;161,86;160,22;160,22;160,22;160,92;160,92;160,67;268,02;283,84;336,71;
24/03/2016;158,92;157,76;157,76;157,76;160,67;223,84;157,76;160,67;157,70;157,70;157,70;157,76;157,76;157,76;234,53;246,58;266,60;
25/03/2016;153,38;152,92;152,92;152,92;152,92;166,56;152,92;152,92;152,92;152,92;152,92;152,92;152,92;152,92;216,56;224,20;259,30;
26/03/2016;145,54;145,62;145,62;145,62;145,62;145,80;143,01;144,81;145,62;145,62;145,62;145,62;145,62;145,62;218,10;233,41;233,41;
27/03/2016;125,80;124,45;124,45;124,45;124,45;124,45;95,07;103,13;127,62;127,62;127,62;126,01;126,01;126,01;154,45;168,61;168,61;
28/03/2016;125,29;126,91;126,91;126,91;126,91;133,36;27,40;67,19;128,24;128,24;128,24;126,91;126,91;126,91;182,31;193,68;193,68;
29/03/2016;148,19;146,57;146,57;146,57;146,57;223,90;137,01;147,03;146,70;146,70;146,70;146,57;146,57;146,57;227,29;239,48;239,48;
30/03/2016;162,35;159,55;159,55;159,55;159,55;261,62;159,55;159,55;159,55;159,55;159,55;159,55;159,55;159,47;264,51;272,68;272,93;
31/03/2016;167,12;162,92;162,92;162,92;196,84;224,98;163,32;196,84;161,48;161,48;161,48;162,92;162,92;162,92;224,98;224,98;224,98;
01/04/2016;170,41;165,98;165,98;165,98;185,72;210,88;173,40;185,72;164,00;164,00;164,00;165,98;165,98;165,98;223,66;223,66;223,66;
02/04/2016;153,02;153,04;153,04;153,04;153,04;153,04;152,46;153,18;153,04;153,04;153,04;153,04;153,04;153,04;222,73;222,73;222,73;
03/04/2016;147,25;147,27;147,27;147,27;147,27;147,27;146,82;147,62;147,23;147,23;147,23;147,27;147,27;147,27;226,80;226,80;226,80;
04/04/2016;172,07;170,10;170,10;170,10;172,91;245,17;170,04;172,91;169,33;169,33;169,33;170,10;170,10;154,03;258,00;258,00;258,00;
05/04/2016;168,91;185,70;185,70;185,70;186,43;213,80;185,65;186,43;164,42;164,42;164,42;185,70;185,70;149,84;234,40;234,40;234,40;
06/04/2016;156,17;156,45;156,45;156,45;156,45;211,58;155,70;156,45;155,88;155,70;155,88;156,89;156,89;147,93;219,46;219,46;219,46;
07/04/2016;150,59;150,06;150,06;150,06;150,06;173,91;149,90;150,06;150,06;150,06;150,09;153,36;153,36;148,32;215,02;215,02;215,02;
08/04/2016;160,59;161,00;161,00;161,00;161,00;185,36;161,00;161,00;161,00;161,00;161,00;161,00;161,00;150,38;235,18;235,18;236,08;
09/04/2016;158,11;159,89;159,89;159,89;159,89;159,89;159,89;159,89;159,89;159,89;159,89;159,89;159,89;150,27;230,96;230,96;230,96;
10/04/2016;152,07;152,63;152,63;152,63;152,63;152,63;152,63;152,63;152,63;152,63;152,63;152,63;152,63;149,50;224,18;224,18;224,18;
11/04/2016;170,52;167,12;167,12;167,12;167,12;235,24;166,02;167,12;166,02;166,02;166,02;167,12;167,12;150,08;249,31;249,31;249,31;
12/04/2016;165,05;164,91;164,91;164,91;164,91;214,29;164,91;164,91;164,91;164,91;164,91;164,91;164,91;151,31;222,52;222,52;222,52;
13/04/2016;180,80;181,76;181,76;181,76;181,76;219,59;181,76;181,76;180,25;180,25;180,25;181,76;181,76;157,04;231,02;231,66;231,66;
14/04/2016;178,34;185,68;185,68;185,68;185,68;218,35;185,68;185,68;169,20;169,20;169,20;185,68;185,68;157,83;229,75;229,75;229,75;
15/04/2016;167,58;166,10;166,10;166,10;166,10;230,81;166,10;166,10;166,10;166,10;166,10;166,10;166,10;157,22;251,40;256,89;342,29;
16/04/2016;153,87;153,68;153,68;153,68;153,68;154,27;153,46;153,68;153,68;153,68;153,68;160,20;160,20;150,90;178,38;190,42;218,50;
17/04/2016;141,16;137,70;137,70;137,70;137,70;148,91;128,11;136,90;137,76;137,76;139,04;160,55;160,55;147,76;158,55;163,17;211,81;
18/04/2016;157,60;153,84;153,84;153,84;153,84;251,54;153,84;153,84;153,94;153,94;153,94;159,11;159,11;152,55;251,54;255,35;273,18;
19/04/2016;153,14;147,26;147,26;147,26;147,26;213,95;139,83;147,26;150,04;150,04;150,04;161,50;161,50;150,51;213,95;213,95;213,95;
20/04/2016;161,47;159,34;159,34;159,34;159,34;209,12;159,34;159,34;159,96;159,96;160,25;164,21;164,21;157,71;209,12;215,61;215,61;
21/04/2016;162,36;159,40;159,40;159,40;159,40;241,83;159,40;159,40;159,40;159,40;159,40;159,40;159,40;158,33;241,83;247,57;266,52;
22/04/2016;161,81;159,56;159,56;159,56;159,56;219,82;159,56;159,56;159,56;159,56;159,56;159,70;159,70;157,28;219,96;219,96;219,96;
23/04/2016;161,52;161,84;161,84;161,84;161,84;183,57;161,84;161,84;161,84;161,84;161,84;164,75;164,75;154,36;185,52;185,52;242,25;
24/04/2016;159,61;159,11;159,11;159,11;159,11;170,15;158,11;159,11;159,11;159,11;159,11;166,63;166,63;155,03;177,59;193,30;203,41;
25/04/2016;185,54;181,25;181,25;181,44;181,44;237,92;181,44;181,97;181,44;181,44;181,44;182,71;182,71;162,07;237,92;260,64;290,02;
26/04/2016;184,73;179,19;179,19;179,19;179,19;243,80;179,19;179,19;179,19;179,19;179,19;180,14;180,14;163,49;243,80;289,31;340,17;
27/04/2016;180,31;179,28;179,28;179,28;179,28;214,39;179,28;179,28;179,28;179,28;179,28;179,33;179,33;164,41;214,39;237,12;292,51;
28/04/2016;188,86;191,17;191,17;191,17;191,17;206,13;191,17;191,17;191,17;191,17;191,17;191,17;191,17;163,89;206,13;222,27;338,92;
29/04/2016;168,53;166,44;166,44;167,39;167,39;247,53;165,10;167,76;167,39;167,39;167,39;166,49;166,49;165,24;247,53;302,52;302,52;
30/04/2016;167,07;168,56;168,56;168,56;168,56;168,56;168,56;168,56;168,56;168,56;168,56;168,79;168,79;159,06;176,38;179,38;179,38;
01/05/2016;161,27;161,61;161,61;161,61;161,61;161,61;160,90;161,82;161,61;161,61;161,61;165,11;165,11;155,61;163,65;163,65;163,65;
02/05/2016;179,95;185,67;185,67;185,67;185,67;185,67;185,23;189,98;185,67;185,67;185,67;186,02;186,02;165,02;196,91;218,63;218,63;
03/05/2016;179,36;181,70;181,70;181,70;181,70;181,70;181,70;181,70;181,70;181,70;181,70;181,80;181,80;167,72;189,24;209,52;209,52;
04/05/2016;186,43;188,70;188,70;188,70;188,70;231,63;192,52;192,52;188,70;188,70;188,70;188,70;188,70;166,37;232,90;240,05;246,18;
05/05/2016;158,67;158,47;158,47;158,47;158,47;167,51;158,47;158,49;158,47;158,47;158,47;158,47;158,47;158,18;186,15;272,62;272,62;
06/05/2016;162,45;161,95;161,95;161,95;163,15;192,14;161,95;163,34;161,95;161,95;161,95;161,95;161,95;160,46;192,14;224,09;224,09;
07/05/2016;138,04;138,06;138,06;138,06;138,06;138,06;138,04;138,06;138,06;138,06;138,06;138,06;138,06;138,06;138,06;138,06;138,06;
08/05/2016;120,92;118,40;118,40;118,40;118,40;118,40;118,40;118,40;118,40;118,40;118,40;125,39;125,39;125,39;118,40;118,40;118,40;
09/05/2016;157,83;157,34;157,34;157,34;160,31;160,07;157,34;160,40;157,34;157,34;157,34;157,34;157,34;157,34;160,07;202,35;202,35;
10/05/2016;177,24;174,68;174,68;174,68;176,35;227,72;174,68;176,61;171,69;171,69;171,69;173,70;173,70;168,61;227,72;248,67;248,67;
11/05/2016;180,43;181,49;181,49;181,49;181,49;247,50;181,49;181,49;171,17;171,17;171,17;182,05;182,05;168,39;247,50;253,59;253,59;
12/05/2016;173,52;183,98;183,98;183,98;183,98;237,07;183,98;183,98;166,07;166,07;166,07;183,13;183,13;164,23;237,07;249,94;249,94;
13/05/2016;186,46;192,90;192,90;192,90;195,33;248,22;192,90;197,38;176,41;176,41;176,41;178,20;178,20;169,50;248,22;263,17;263,17;
14/05/2016;151,15;151,14;151,14;151,14;151,14;151,14;146,80;151,14;151,14;151,14;151,14;151,25;151,25;151,25;151,14;167,18;167,18;
15/05/2016;149,02;148,94;148,94;148,94;148,94;151,55;148,94;148,94;148,94;148,94;148,94;148,94;148,94;148,92;151,55;177,37;177,37;
16/05/2016;166,70;164,48;164,48;164,48;164,48;238,96;161,69;164,48;163,83;163,83;163,83;164,29;164,29;162,45;238,96;239,62;239,62;
17/05/2016;183,90;194,20;194,20;194,20;194,20;235,51;176,93;194,20;176,69;176,69;176,69;188,87;188,87;167,77;235,51;248,60;248,60;
18/05/2016;204,22;222,30;222,30;222,30;222,55;236,54;209,00;222,56;188,04;188,04;188,04;218,59;218,59;172,04;236,54;283,66;283,66;
19/05/2016;218,56;242,58;242,58;242,58;244,60;266,38;242,58;244,85;183,45;183,45;183,45;241,37;241,37;225,12;266,38;280,36;280,36;
20/05/2016;186,56;184,84;184,84;184,84;184,84;278,93;184,60;187,74;178,63;178,63;178,63;184,84;184,84;182,61;278,93;335,55;335,55;
21/05/2016;171,32;170,19;170,19;170,19;170,19;198,81;169,91;170,19;169,91;169,91;169,91;170,19;170,19;172,34;198,81;211,71;211,71;
22/05/2016;164,42;164,73;164,73;164,73;164,73;164,73;162,56;164,76;163,85;163,85;163,85;164,73;164,73;164,78;164,73;189,72;189,72;
23/05/2016;180,38;180,17;180,17;180,17;180,17;228,93;179,68;217,44;177,13;177,13;177,13;180,17;180,17;172,10;228,93;291,04;291,04;
24/05/2016;178,12;178,98;178,98;178,98;178,98;222,94;177,30;217,82;172,39;172,39;172,39;178,98;178,98;174,38;226,25;299,42;299,42;
25/05/2016;179,58;180,81;180,81;180,81;180,81;211,12;175,49;227,03;175,15;175,15;175,15;180,81;180,81;175,05;211,56;311,43;311,43;
26/05/2016;187,22;188,09;188,09;188,09;188,09;243,17;187,51;206,02;183,66;183,66;183,66;188,09;188,09;179,05;244,29;294,25;294,25;
27/05/2016;192,74;197,06;197,06;197,06;197,06;303,65;197,06;213,17;181,73;181,73;181,73;189,18;189,18;180,24;303,65;331,39;331,39;
28/05/2016;171,45;174,32;174,32;174,32;174,32;174,32;172,92;177,98;171,32;171,32;171,32;174,32;174,32;170,37;174,32;271,71;307,98;
29/05/2016;154,98;154,98;154,98;154,98;154,98;154,98;154,98;154,98;154,98;154,98;154,98;154,98;154,98;154,98;154,98;206,76;206,76;
30/05/2016;167,76;168,99;168,99;168,99;168,99;239,23;161,11;168,99;161,11;161,11;160,20;168,99;168,99;165,20;239,23;288,49;289,44;
31/05/2016;180,55;205,25;205,25;205,25;205,25;273,17;196,17;206,20;169,25;169,25;167,66;197,09;197,09;174,08;273,17;304,47;304,47;
01/06/2016;190,11;225,82;225,82;225,82;225,82;289,14;225,76;225,82;169,08;169,08;169,08;205,85;205,85;179,96;289,14;304,23;304,23;
02/06/2016;183,23;218,49;218,49;218,49;218,49;262,69;214,04;218,49;161,18;161,18;161,18;200,27;200,27;177,72;262,69;282,42;282,42;
03/06/2016;182,39;210,68;210,68;215,22;215,22;245,48;214,81;215,47;163,87;163,87;163,55;196,86;196,86;177,59;245,48;288,38;288,38;
04/06/2016;169,97;189,80;189,80;189,80;189,80;190,34;186,85;189,80;162,84;162,84;162,84;185,23;185,23;171,29;190,34;262,61;262,61;
05/06/2016;165,92;188,23;188,23;188,23;188,23;189,66;169,83;188,23;159,40;159,40;159,40;184,40;184,40;168,43;189,66;212,77;212,77;
06/06/2016;200,29;229,47;229,47;229,47;229,47;312,70;227,17;229,74;169,27;169,27;167,77;213,41;213,41;182,48;312,70;312,70;312,70;
07/06/2016;203,78;242,19;242,19;242,19;242,19;279,92;216,58;242,19;175,76;175,76;169,22;231,97;231,97;189,39;279,92;279,92;279,92;
08/06/2016;197,51;216,44;216,44;216,44;220,80;257,13;211,13;220,80;176,13;176,13;175,98;207,77;207,77;190,18;257,13;262,73;262,73;
09/06/2016;201,15;239,19;239,19;239,19;239,19;239,65;215,80;239,19;177,51;177,51;177,51;242,28;242,28;187,74;239,65;264,93;264,93;
10/06/2016;196,98;231,10;231,10;231,10;231,10;250,84;189,45;231,10;176,30;176,30;176,30;231,36;231,36;188,42;267,13;267,87;267,87;
11/06/2016;191,14;218,41;218,41;218,41;218,41;225,70;198,36;218,41;178,82;178,82;178,82;218,41;218,41;184,15;225,70;227,39;227,39;
12/06/2016;187,83;214,56;214,56;214,56;214,56;214,56;185,48;214,56;178,50;178,50;178,50;214,56;214,56;185,21;214,56;232,87;232,87;
13/06/2016;207,07;229,36;229,36;229,36;229,36;229,36;212,36;229,36;190,97;190,97;190,97;229,36;229,36;192,41;229,36;289,33;289,33;
14/06/2016;205,87;273,03;273,03;273,03;273,03;283,05;225,49;273,03;189,51;189,51;189,51;273,03;273,03;187,05;293,56;314,57;314,57;
15/06/2016;212,89;240,61;240,61;240,61;240,61;266,94;229,06;240,61;199,46;199,46;195,29;239,85;239,85;188,67;266,94;283,43;283,43;
16/06/2016;213,08;273,70;273,70;273,70;273,70;273,70;269,99;273,70;196,55;196,55;195,78;273,70;273,70;187,26;273,70;295,06;295,06;
17/06/2016;206,12;256,60;256,60;256,60;256,60;265,30;251,54;256,60;195,63;195,63;195,63;256,60;256,60;183,77;265,30;280,57;280,57;
18/06/2016;183,73;187,98;187,98;187,98;187,98;187,98;182,42;187,98;183,19;183,19;183,19;187,98;187,98;181,29;187,98;188,44;188,44;
19/06/2016;175,97;186,40;186,40;186,40;186,40;186,40;169,68;186,40;171,13;171,13;171,13;188,89;188,89;176,22;186,40;233,33;233,33;
20/06/2016;205,10;245,86;245,86;245,86;245,86;246,28;194,00;245,86;191,29;191,29;185,91;245,86;245,86;186,33;246,28;349,07;349,07;
21/06/2016;206,57;247,07;247,07;247,07;247,07;247,07;246,56;247,07;193,36;193,36;184,78;247,23;247,23;185,62;401,51;421,43;421,43;
22/06/2016;209,47;266,60;266,60;266,60;266,60;266,60;246,90;266,60;191,25;191,25;183,13;266,60;266,60;190,55;266,60;476,72;476,72;
23/06/2016;207,82;244,69;244,69;244,69;244,69;244,69;221,23;244,69;186,70;186,70;180,64;244,69;244,69;190,80;244,69;355,15;355,15;
24/06/2016;200,91;223,73;223,73;223,73;223,73;223,73;223,29;227,55;183,76;183,76;183,44;223,43;223,43;189,04;223,73;272,14;272,14;
25/06/2016;189,36;212,08;212,08;212,08;212,08;212,08;208,36;212,08;179,60;179,60;179,60;212,65;212,65;185,67;212,08;248,50;248,50;
26/06/2016;176,68;201,28;201,28;201,28;201,28;201,28;173,59;201,28;163,73;163,73;163,73;201,42;201,42;180,34;201,28;203,86;203,86;
27/06/2016;211,29;403,06;403,06;403,06;403,06;403,06;202,00;403,06;177,17;177,17;177,17;320,11;320,11;184,34;403,06;403,06;403,06;
28/06/2016;220,68;582,23;582,23;582,23;582,23;582,23;246,62;582,23;181,65;181,65;181,65;259,29;259,29;185,58;582,23;582,23;582,23;
29/06/2016;214,46;359,16;359,16;359,16;359,16;359,16;204,00;359,16;176,07;176,07;176,07;230,31;230,31;186,00;359,16;360,04;360,04;
30/06/2016;201,95;262,57;262,57;262,57;262,57;263,35;197,13;262,57;172,37;172,37;172,37;223,52;223,52;184,61;263,35;286,66;286,66;
01/07/2016;188,41;216,17;216,17;216,17;216,17;228,45;180,03;216,17;169,93;169,93;169,93;209,67;209,67;191,79;228,45;852,76;852,76;
02/07/2016;160,20;171,71;171,71;171,71;171,71;171,71;156,55;171,71;154,43;154,43;154,43;171,71;171,71;171,71;171,71;600,24;600,24;
03/07/2016;157,44;175,05;175,05;175,05;175,05;175,05;145,51;175,05;148,37;148,37;148,37;171,02;171,02;170,89;175,05;294,71;294,71;
04/07/2016;193,02;234,91;234,91;234,91;234,91;289,49;229,36;235,16;168,89;168,89;168,89;225,30;225,30;186,29;289,49;294,11;294,11;
05/07/2016;185,36;214,98;214,98;214,98;214,98;221,57;200,77;215,76;166,18;166,18;165,46;222,21;222,21;187,64;221,57;285,31;285,31;
06/07/2016;165,00;185,62;185,62;185,62;185,62;209,58;140,55;185,62;149,27;149,27;149,27;215,57;215,57;177,36;209,58;261,82;261,82;
07/07/2016;186,60;212,64;212,64;212,64;212,64;247,83;169,14;212,64;169,14;169,14;169,14;221,37;221,37;194,45;247,83;251,17;251,17;
08/07/2016;190,90;217,55;217,55;217,55;217,55;244,59;212,43;217,55;172,41;172,41;170,17;226,21;226,21;193,85;244,59;276,90;276,90;
09/07/2016;175,43;198,93;198,93;198,93;198,93;198,93;173,36;198,93;165,44;165,44;165,12;216,08;216,08;182,22;198,93;240,88;240,88;
10/07/2016;175,84;201,69;201,69;201,69;201,69;201,69;174,89;201,69;164,92;164,92;164,88;216,32;216,32;179,43;201,69;241,67;241,67;
11/07/2016;184,91;207,99;207,99;207,99;207,99;264,83;174,56;207,99;166,87;166,87;166,33;220,91;220,91;188,64;264,83;270,74;270,74;
12/07/2016;189,69;221,20;221,20;221,20;221,20;247,11;208,23;221,06;172,33;172,33;165,74;229,24;229,24;190,29;247,11;253,73;253,73;
13/07/2016;194,59;244,71;244,71;244,71;244,71;261,00;237,89;244,71;172,79;172,79;165,56;247,42;247,42;192,70;261,00;262,60;262,60;
14/07/2016;189,51;224,24;224,24;224,24;224,24;234,77;188,67;224,24;174,16;174,16;167,27;233,99;233,99;188,72;234,77;234,77;234,77;
15/07/2016;184,42;217,42;217,42;217,42;217,42;232,31;179,98;217,42;172,19;172,19;163,38;230,01;230,01;192,40;232,31;232,31;232,31;
16/07/2016;182,27;210,89;210,89;210,89;210,89;210,89;172,71;210,89;172,71;172,71;167,01;224,35;224,35;190,61;210,89;210,89;210,89;
17/07/2016;176,01;193,72;193,72;193,72;193,72;193,72;174,55;193,72;169,66;169,66;163,54;193,72;193,72;188,89;193,72;194,91;194,91;
18/07/2016;197,12;222,00;222,00;222,00;222,00;222,35;214,24;222,00;181,01;181,01;168,80;221,44;221,44;201,31;222,35;225,99;225,99;
19/07/2016;207,13;235,94;235,94;235,94;237,02;237,18;234,33;237,02;183,36;183,36;168,70;228,49;228,49;206,47;237,18;250,34;250,34;
20/07/2016;200,85;226,90;226,90;226,90;227,07;228,92;216,94;227,07;182,11;182,11;168,79;225,60;225,60;206,51;228,92;249,49;249,49;
21/07/2016;205,26;231,11;231,11;231,11;231,96;231,11;223,89;231,96;183,51;183,51;170,69;231,11;231,11;205,45;231,11;242,27;242,27;
22/07/2016;201,94;232,89;232,89;232,89;232,89;234,67;232,89;232,89;186,55;186,55;167,85;232,86;232,86;204,47;234,67;261,03;261,03;
23/07/2016;194,37;224,09;224,09;224,09;224,09;224,09;218,46;224,09;189,00;189,00;169,96;224,09;224,09;194,48;224,09;232,47;232,47;
24/07/2016;190,49;217,83;217,83;217,83;217,83;217,83;200,02;217,83;187,16;187,16;171,44;217,83;217,83;193,59;217,83;221,41;221,41;
25/07/2016;206,88;235,17;235,17;235,17;237,11;255,83;235,17;237,11;188,57;188,57;169,46;235,17;235,17;208,03;255,83;260,37;260,37;
26/07/2016;202,53;231,79;231,79;231,79;234,22;259,85;230,77;234,22;185,23;185,23;166,44;231,79;231,79;202,41;259,85;267,08;267,08;
27/07/2016;201,35;230,27;230,27;230,27;242,44;268,18;219,40;242,44;185,55;185,55;163,99;230,27;230,27;200,82;268,18;270,16;270,16;
28/07/2016;195,82;221,40;221,40;221,40;221,40;265,01;220,14;222,08;180,96;180,96;167,38;221,40;221,40;199,67;265,01;282,35;286,21;
29/07/2016;194,23;219,60;219,60;219,60;219,60;265,33;215,38;219,60;179,71;179,71;163,57;219,60;219,60;200,06;265,33;295,43;500,69;
30/07/2016;183,08;207,14;207,14;207,14;207,14;207,14;200,19;207,14;180,94;180,94;160,40;207,14;207,14;187,41;207,14;278,36;278,36;
31/07/2016;178,21;191,84;191,84;191,84;191,84;191,84;187,64;191,84;177,10;177,10;162,32;191,84;191,84;182,40;191,84;241,30;241,30;
01/08/2016;190,46;215,81;215,81;215,81;215,81;215,98;197,28;215,81;179,07;179,07;162,93;216,71;216,71;196,96;215,98;273,00;273,00;
02/08/2016;196,20;234,75;234,75;234,75;234,75;246,61;234,75;234,75;178,29;178,29;165,30;230,83;230,83;199,47;246,61;279,31;279,31;
03/08/2016;189,04;223,75;223,75;223,75;223,75;242,77;179,12;223,75;170,97;170,97;165,74;220,31;220,31;198,01;242,77;276,73;276,73;
04/08/2016;182,49;217,58;217,58;217,58;217,58;217,58;160,36;217,58;160,36;160,36;160,27;219,66;219,66;192,51;217,58;273,73;273,73;
05/08/2016;190,41;234,60;234,60;234,60;234,60;237,06;218,21;234,60;164,70;164,70;164,33;231,78;231,78;194,57;237,06;309,31;309,31;
06/08/2016;169,13;203,93;203,93;203,93;203,93;203,93;156,86;203,93;156,85;156,85;156,85;203,99;203,99;187,55;203,93;264,09;264,09;
07/08/2016;154,72;179,69;179,69;179,69;179,69;179,69;141,82;179,69;141,82;141,82;141,82;190,68;190,68;178,84;179,69;280,69;280,69;
08/08/2016;165,59;184,08;184,08;184,08;184,08;241,84;138,56;184,08;138,83;138,83;138,83;197,61;197,61;189,14;241,84;292,86;292,86;
09/08/2016;172,72;206,77;206,77;206,77;206,77;206,77;148,19;206,77;148,19;148,19;148,19;208,87;208,87;184,90;206,77;219,75;219,75;
10/08/2016;186,11;231,78;231,78;231,78;231,78;245,82;158,67;231,78;157,14;157,14;152,79;228,03;228,03;189,19;245,82;245,82;245,82;
11/08/2016;194,02;251,69;251,69;251,69;251,69;252,07;210,43;251,69;159,74;159,74;150,24;221,21;221,21;200,61;252,07;252,07;252,07;
12/08/2016;185,72;222,38;222,38;222,38;222,38;260,55;196,29;222,38;156,17;156,17;148,79;213,40;213,40;198,92;260,55;262,71;262,71;
13/08/2016;153,85;176,50;176,50;176,50;176,50;179,84;139,16;176,50;139,16;139,16;139,16;184,08;184,08;182,75;179,84;182,44;182,44;
14/08/2016;163,72;189,09;189,09;189,09;189,09;189,09;160,45;170,04;146,73;146,73;145,93;194,40;194,40;190,85;189,09;189,09;189,09;
15/08/2016;190,01;237,01;237,01;237,01;237,01;242,42;236,91;237,23;151,86;151,86;151,86;210,27;210,27;200,31;242,42;242,42;242,42;
16/08/2016;190,82;229,17;229,17;229,17;229,17;233,01;229,17;229,17;155,82;155,82;155,82;229,69;229,69;194,82;233,01;233,01;233,01;
17/08/2016;199,04;243,42;243,42;243,42;243,42;243,42;243,42;243,42;157,57;157,57;157,57;229,10;229,10;193,21;243,42;243,42;243,42;
18/08/2016;195,47;237,42;237,42;237,42;237,42;241,77;235,58;237,42;158,25;158,25;158,25;237,75;237,75;190,41;241,77;242,53;242,53;
19/08/2016;204,60;266,84;266,84;266,84;266,84;266,84;266,26;266,84;163,07;163,07;163,07;259,39;259,39;194,65;266,84;269,81;269,81;
20/08/2016;185,94;231,70;231,70;231,70;231,70;231,70;189,94;231,70;163,49;163,49;163,49;212,85;212,85;191,91;231,70;233,47;233,47;
21/08/2016;175,89;221,40;221,40;221,40;221,40;221,40;165,40;221,40;148,25;148,25;148,25;214,14;214,14;191,72;221,40;222,30;222,30;
22/08/2016;212,19;274,95;274,95;274,95;274,95;274,95;263,61;274,95;164,63;164,63;164,50;254,55;254,55;198,53;274,95;276,77;276,77;
23/08/2016;204,47;264,07;264,07;264,07;264,07;264,07;263,48;264,07;167,91;167,91;162,14;265,78;265,78;196,49;264,07;264,07;264,07;
24/08/2016;206,41;265,26;265,26;265,26;265,26;265,26;264,29;265,26;170,69;170,69;161,96;229,08;229,08;198,16;265,26;265,38;265,38;
25/08/2016;200,39;233,70;233,70;233,70;233,70;233,70;232,59;233,70;169,84;169,84;165,15;237,41;237,41;197,72;233,70;244,92;244,92;
26/08/2016;192,42;222,67;222,67;222,67;222,67;242,38;219,89;222,67;165,86;165,86;158,89;226,07;226,07;190,70;242,38;244,58;244,58;
27/08/2016;173,73;195,39;195,39;195,39;196,38;195,39;197,52;197,79;165,74;165,74;156,55;197,45;197,45;181,18;195,39;212,76;212,76;
28/08/2016;171,39;202,30;202,30;202,30;202,30;202,30;173,13;202,30;155,16;155,16;147,57;203,38;203,38;177,65;202,30;207,77;207,77;
29/08/2016;199,70;233,45;233,45;233,45;233,45;250,61;187,30;233,45;173,59;173,59;148,15;230,51;230,51;193,46;250,61;251,32;251,32;
30/08/2016;211,70;258,57;258,57;258,57;258,57;263,80;258,44;258,57;177,18;177,18;153,26;241,52;241,52;196,14;263,80;263,80;263,80;
31/08/2016;198,95;241,46;241,46;243,87;246,28;246,57;240,87;246,57;176,22;176,22;150,03;199,50;199,50;195,75;246,57;269,36;272,43;
01/09/2016;189,90;226,77;226,77;226,77;226,77;228,22;227,32;227,35;171,39;171,39;140,51;205,31;205,31;189,72;228,22;246,97;246,97;
02/09/2016;185,27;224,95;224,95;224,95;224,95;234,25;223,09;224,95;170,68;170,68;134,08;221,66;221,66;187,38;234,25;254,15;254,15;
03/09/2016;176,82;211,00;211,00;211,00;211,00;211,00;216,30;216,30;170,79;170,79;125,69;201,97;201,97;183,50;211,00;231,06;231,06;
04/09/2016;170,48;193,66;193,66;193,66;193,66;193,66;182,97;193,66;166,64;166,64;134,30;190,35;190,35;179,37;193,66;202,80;202,80;
05/09/2016;198,83;264,31;264,31;272,63;272,63;272,67;273,70;273,70;169,76;169,63;148,40;208,65;208,65;193,05;272,67;272,67;272,67;
06/09/2016;193,30;222,07;222,07;225,95;228,59;275,37;225,08;242,75;194,20;174,45;159,00;208,55;208,55;193,79;275,37;275,41;275,41;
07/09/2016;185,09;206,69;206,69;217,37;218,44;247,76;217,37;221,52;178,50;170,13;148,63;200,39;200,39;189,73;247,76;254,12;254,12;
08/09/2016;194,49;234,17;234,17;237,04;237,04;263,97;235,13;237,04;186,52;175,94;150,58;214,00;214,00;189,40;263,97;264,69;264,69;
09/09/2016;189,27;221,59;221,59;234,18;234,24;297,70;234,18;237,73;172,48;172,28;145,55;212,19;212,19;187,84;297,70;298,31;298,31;
10/09/2016;180,65;205,18;205,18;205,18;205,18;228,90;200,11;205,21;174,18;174,18;142,79;202,37;202,37;181,34;228,90;252,99;252,99;
11/09/2016;171,29;185,46;185,46;185,46;185,46;185,46;200,41;201,09;174,54;174,54;148,62;184,18;184,18;174,47;185,46;232,17;232,17;
12/09/2016;190,62;223,79;223,79;228,05;228,05;259,50;225,38;228,05;187,71;176,77;148,76;215,62;215,62;186,35;259,50;261,30;261,30;
13/09/2016;192,02;228,97;228,97;228,97;228,97;278,72;220,86;228,97;177,41;177,41;149,24;225,84;225,84;186,82;267,06;267,06;267,06;
14/09/2016;194,25;224,36;224,36;224,36;228,47;290,24;204,90;228,47;176,62;176,62;154,33;224,35;224,35;186,06;275,41;275,41;275,41;
15/09/2016;192,51;219,38;219,38;219,38;221,55;261,49;205,17;221,55;173,88;173,88;156,15;216,13;216,13;182,20;261,49;261,49;261,49;
16/09/2016;183,62;205,54;205,54;205,54;205,54;247,25;185,26;205,54;171,88;171,88;151,82;204,65;204,65;181,93;247,25;247,25;247,25;
17/09/2016;178,63;196,07;196,07;196,07;196,07;201,54;192,29;196,07;177,38;177,38;152,63;196,07;196,07;177,49;201,54;202,29;202,29;
18/09/2016;176,81;198,71;198,71;198,71;198,71;198,71;184,17;198,71;170,30;170,30;156,68;198,71;198,71;176,56;198,71;209,65;209,65;
19/09/2016;209,12;259,52;259,52;259,52;259,52;261,55;259,13;259,82;178,92;178,92;173,52;245,67;245,67;189,63;261,55;269,62;269,62;
20/09/2016;203,24;254,31;254,31;254,31;257,38;254,86;258,37;258,96;179,20;179,20;179,14;237,16;237,16;190,06;254,86;272,53;272,53;
21/09/2016;203,75;234,98;234,98;234,98;239,06;253,98;260,97;262,26;181,36;181,36;181,29;234,98;234,98;193,81;253,98;261,83;261,83;
22/09/2016;198,01;234,22;234,22;234,22;256,82;261,83;242,99;257,96;179,32;179,32;179,32;234,22;234,22;190,00;261,83;297,37;297,37;
23/09/2016;194,50;224,75;224,75;224,75;231,50;254,40;216,29;240,85;178,98;178,98;178,98;224,75;224,75;189,12;254,40;278,45;278,45;
24/09/2016;185,35;209,06;209,06;209,06;209,06;210,57;206,46;226,44;178,46;178,33;178,33;209,06;209,06;180,47;210,57;259,67;259,67;
25/09/2016;175,19;190,85;190,85;190,85;190,85;191,81;169,22;202,36;169,29;167,27;167,27;190,85;190,85;177,31;191,81;235,34;235,34;
26/09/2016;202,59;231,59;231,59;231,59;258,64;268,20;271,64;338,41;188,48;179,97;179,97;231,59;231,59;187,77;268,20;277,28;277,28;
27/09/2016;193,77;217,93;217,93;217,93;232,48;257,88;219,76;307,31;178,05;177,60;177,60;218,04;218,04;187,32;257,88;258,60;258,60;
28/09/2016;171,43;176,17;176,17;176,17;176,17;218,37;156,01;196,90;162,01;161,56;161,56;186,94;186,94;185,83;218,37;221,59;221,59;
29/09/2016;173,35;175,98;175,98;175,98;175,98;227,12;146,24;187,94;171,87;156,19;156,19;185,21;185,21;183,16;227,12;228,56;228,56;
30/09/2016;174,34;183,22;183,22;183,22;183,22;228,58;168,00;238,95;182,57;164,60;164,60;183,62;183,62;187,46;228,58;233,05;233,05;
01/10/2016;188,88;200,84;200,84;200,84;213,10;224,12;221,80;241,38;199,06;179,66;178,22;201,25;201,25;183,05;224,12;254,69;254,69;
02/10/2016;191,80;205,62;205,62;205,62;207,29;224,39;223,56;226,30;202,94;181,50;181,50;205,62;205,62;185,67;224,39;235,90;235,90;
03/10/2016;204,39;221,07;221,07;221,07;221,07;302,99;201,86;226,18;220,39;192,05;190,31;222,00;222,00;195,21;302,99;304,17;304,17;
04/10/2016;205,53;225,88;225,88;225,88;225,88;281,79;221,51;226,67;225,88;192,58;191,21;227,88;227,88;194,85;281,79;281,79;281,79;
05/10/2016;206,21;228,47;228,47;228,47;228,47;258,92;197,38;221,23;228,39;194,88;194,88;235,95;235,95;196,69;258,92;259,40;259,40;
06/10/2016;210,40;240,57;240,57;240,57;240,57;292,96;185,98;231,86;214,69;199,13;199,28;246,67;246,67;193,24;292,96;295,36;292,61;
07/10/2016;214,84;244,47;244,47;244,47;244,47;290,31;208,42;277,60;217,47;203,40;202,99;247,22;247,22;196,14;290,31;309,68;309,68;
08/10/2016;215,28;238,34;238,34;238,34;238,34;238,34;213,75;238,34;209,81;209,81;209,81;245,93;245,93;197,56;238,34;274,38;274,38;
09/10/2016;217,95;235,60;235,60;235,60;235,60;235,60;216,68;235,27;216,47;213,51;213,51;246,63;246,63;198,14;235,60;249,88;249,88;
10/10/2016;243,38;359,93;359,93;359,93;359,93;359,93;312,44;359,93;249,77;216,97;216,88;272,64;272,64;204,13;359,93;362,72;362,72;
11/10/2016;239,78;272,31;272,31;272,31;284,85;272,31;221,05;285,49;267,07;218,83;218,83;272,33;272,33;203,97;272,31;294,91;294,91;
12/10/2016;246,89;293,18;293,18;293,18;293,18;293,18;257,08;293,18;290,28;219,43;219,43;293,79;293,79;205,56;293,18;293,18;293,18;
13/10/2016;249,66;315,50;315,50;315,50;315,50;315,50;232,16;276,02;314,03;222,69;222,69;317,28;317,28;203,46;315,50;315,50;315,50;
14/10/2016;233,85;264,16;264,16;264,16;264,16;265,22;207,09;220,97;241,75;217,50;222,91;264,16;264,16;204,35;265,22;267,88;267,88;
15/10/2016;221,82;229,54;229,54;229,54;229,54;229,54;192,81;223,86;226,32;220,76;221,57;236,67;236,67;201,15;229,54;229,54;229,54;
16/10/2016;229,10;236,14;236,14;236,14;236,14;236,14;233,45;248,34;229,13;228,95;229,13;236,63;236,63;201,06;236,14;236,14;236,14;
17/10/2016;245,28;267,17;267,17;267,17;289,59;267,17;234,65;311,62;228,55;228,55;228,55;268,25;268,25;208,26;267,17;289,23;289,59;
18/10/2016;258,15;273,99;273,99;273,99;305,21;275,18;268,45;306,20;238,94;238,94;238,94;275,54;275,54;212,62;275,18;304,18;305,21;
19/10/2016;264,70;284,90;284,90;284,90;307,08;287,48;261,97;305,72;244,43;243,52;244,43;289,16;289,16;214,64;287,48;306,54;307,08;
20/10/2016;274,36;298,41;298,41;298,41;299,17;298,41;268,89;297,10;251,46;250,65;251,46;304,26;304,26;209,92;298,41;298,41;299,17;
21/10/2016;262,18;286,94;286,94;286,94;286,94;286,94;246,51;286,26;262,88;246,52;251,02;290,70;290,70;209,33;286,94;287,65;287,65;
22/10/2016;254,38;261,78;261,78;261,78;261,78;261,78;249,72;262,09;255,10;249,72;255,10;271,93;271,93;206,42;261,78;261,78;261,78;
23/10/2016;254,66;261,68;261,68;261,68;261,68;261,68;257,95;261,68;254,79;251,85;254,79;272,38;272,38;207,31;261,68;261,68;261,68;
24/10/2016;283,91;301,09;301,09;301,09;301,09;301,09;300,65;301,01;259,63;259,63;259,63;306,20;306,20;214,90;301,09;301,09;301,09;
25/10/2016;304,91;382,31;382,31;382,31;382,31;382,31;387,15;387,27;263,30;263,24;263,30;383,61;383,61;217,57;382,31;382,31;382,31;
26/10/2016;297,91;331,95;331,95;331,95;331,95;331,95;295,57;331,10;263,46;263,46;263,46;331,95;331,95;231,93;331,95;331,95;331,95;
27/10/2016;275,50;289,50;289,50;289,50;289,50;289,50;267,74;288,80;261,13;260,15;261,13;289,50;289,50;227,25;289,50;290,26;290,26;
28/10/2016;250,26;256,92;256,92;256,92;256,92;257,04;240,18;250,76;250,76;245,11;251,57;256,98;256,98;220,81;257,04;257,04;257,04;
29/10/2016;242,92;241,53;241,53;241,53;241,53;241,53;240,75;240,75;244,22;244,22;244,22;241,53;241,53;239,68;241,53;241,53;241,53;
30/10/2016;266,05;269,26;269,26;269,26;269,52;269,26;269,30;269,53;263,52;262,52;262,52;269,26;269,26;242,06;269,26;269,26;269,26;
31/10/2016;305,06;326,05;326,05;326,05;326,05;326,05;319,72;320,78;276,43;276,27;276,43;325,65;325,65;248,82;326,05;326,05;326,05;
01/11/2016;269,91;284,84;284,84;284,84;284,84;284,84;260,51;284,84;276,18;260,51;267,41;286,51;286,51;230,75;284,84;284,84;284,84;
02/11/2016;277,88;286,31;286,31;286,31;286,31;286,31;282,12;286,31;285,55;275,60;276,14;286,66;286,66;238,08;285,69;285,69;285,69;
03/11/2016;310,32;337,45;337,45;337,45;337,45;337,45;336,79;337,45;334,77;287,75;288,18;329,36;329,36;237,68;337,45;337,45;337,45;
04/11/2016;298,12;311,12;311,12;311,12;311,12;311,12;308,01;311,12;291,05;286,69;289,24;311,64;311,64;233,76;311,12;311,12;311,12;
05/11/2016;286,21;290,22;290,22;290,22;290,22;290,22;289,02;290,22;290,22;289,02;290,11;291,82;291,82;228,33;290,22;290,22;290,22;
06/11/2016;274,73;284,80;284,80;284,80;284,80;284,80;264,67;282,95;284,80;267,38;280,95;295,79;295,79;230,35;284,80;284,80;284,80;
07/11/2016;316,88;336,14;336,14;336,14;336,14;336,14;305,82;336,14;336,14;305,82;312,45;346,49;346,49;242,72;333,21;332,96;332,96;
08/11/2016;355,63;405,12;405,12;405,12;405,12;405,12;401,05;405,12;397,23;305,17;308,23;406,43;406,43;243,96;397,84;379,80;379,80;
09/11/2016;347,13;372,65;372,65;372,65;372,65;372,65;355,75;372,65;372,65;327,81;334,43;374,47;374,47;245,99;368,47;359,26;359,26;
10/11/2016;349,94;407,54;407,54;407,54;407,54;407,54;389,09;407,54;352,27;296,30;302,31;408,04;408,04;256,21;402,14;395,97;395,97;
11/11/2016;341,11;412,34;412,34;412,34;412,34;412,34;354,90;412,34;365,13;299,01;306,00;412,34;412,34;258,44;409,32;364,47;364,47;
12/11/2016;297,24;319,54;319,54;319,54;319,54;319,54;280,91;319,54;293,53;280,84;293,53;320,23;320,23;240,06;319,54;319,54;319,54;
13/11/2016;288,95;304,14;304,14;304,14;304,14;304,14;276,42;304,14;289,73;276,36;289,73;314,25;314,25;234,94;302,90;300,16;300,16;
14/11/2016;296,67;318,25;318,25;318,25;318,25;318,47;270,91;318,25;292,93;271,86;292,93;322,44;322,44;240,47;315,43;314,74;314,74;
15/11/2016;289,42;304,93;304,93;304,93;304,93;305,88;268,48;304,93;297,81;268,48;291,81;309,46;309,46;237,04;304,30;303,18;303,18;
16/11/2016;292,41;317,64;317,64;317,64;317,64;317,64;275,96;317,64;301,53;269,02;289,44;318,15;318,15;234,91;314,50;312,09;312,09;
17/11/2016;277,61;296,33;296,33;296,33;296,33;296,33;236,47;296,33;277,71;260,53;275,67;310,07;310,07;230,91;295,59;294,88;294,82;
18/11/2016;268,29;278,08;278,08;278,08;278,08;281,63;179,89;278,08;276,36;252,40;274,40;300,64;300,64;233,69;281,63;280,70;280,70;
19/11/2016;260,16;257,79;257,79;257,79;257,79;257,79;222,38;257,79;263,37;258,42;263,25;291,82;291,82;230,52;257,79;257,79;257,79;
20/11/2016;255,26;264,90;264,90;264,90;264,90;264,90;109,73;264,90;266,43;249,59;266,33;289,06;289,06;232,93;264,90;264,90;264,90;
21/11/2016;278,51;261,06;261,06;261,06;261,06;261,06;239,36;258,93;276,95;272,61;276,95;305,80;305,80;242,77;261,06;261,06;261,06;
22/11/2016;284,18;291,00;291,00;291,00;291,00;291,00;263,86;291,00;271,50;268,05;271,50;315,00;315,00;238,25;291,00;291,00;291,00;
23/11/2016;285,41;294,75;294,75;294,75;296,69;294,75;272,56;296,69;271,95;270,12;270,23;307,94;307,94;245,90;294,75;294,75;296,69;
24/11/2016;282,65;292,51;292,51;292,51;294,82;292,51;278,15;294,82;267,58;267,33;267,58;301,52;301,52;247,00;292,51;292,51;294,82;
25/11/2016;274,91;287,11;287,11;287,11;307,75;289,55;272,78;308,42;269,61;265,91;266,72;285,77;285,77;244,77;289,55;289,55;307,75;
26/11/2016;241,95;242,13;242,13;242,13;242,13;242,13;239,08;242,13;246,04;242,99;246,04;242,13;242,13;230,16;242,13;242,13;242,13;
27/11/2016;241,91;229,11;229,11;229,11;229,11;229,11;228,89;229,11;246,57;246,35;246,57;253,17;253,17;226,25;229,11;229,11;229,11;
28/11/2016;290,70;307,30;307,30;307,30;307,30;307,30;300,75;305,58;310,38;268,69;268,92;301,61;301,61;243,04;306,36;306,36;306,36;
29/11/2016;274,88;291,52;291,52;291,52;291,52;291,52;255,48;291,52;290,84;255,72;270,01;293,15;293,15;228,61;290,88;290,88;290,88;
30/11/2016;256,76;260,90;260,90;260,90;260,90;260,90;237,69;260,90;267,77;245,85;258,52;271,26;271,26;220,61;260,90;260,90;260,90;
01/12/2016;253,51;269,60;269,60;269,60;269,60;269,60;200,14;240,04;269,42;241,25;255,53;276,35;276,35;220,72;269,60;269,60;269,60;
02/12/2016;265,22;273,66;273,66;273,66;273,66;273,66;229,47;249,93;268,35;257,21;258,72;284,27;284,27;219,59;273,66;273,66;273,66;
03/12/2016;267,09;281,29;281,29;281,29;281,29;281,29;260,59;281,29;261,64;259,53;259,53;284,26;284,26;210,49;281,29;281,29;281,29;
04/12/2016;255,21;261,20;261,20;261,20;261,20;261,20;256,66;261,20;254,99;254,94;254,99;261,20;261,20;204,58;261,20;261,20;261,20;
05/12/2016;259,67;272,30;272,30;272,30;272,30;272,30;258,04;272,30;250,99;249,40;250,99;272,94;272,94;215,77;271,94;273,65;273,65;
06/12/2016;311,71;391,35;391,35;391,35;400,32;391,35;391,35;400,32;336,17;248,26;251,63;317,73;317,73;219,29;391,09;391,80;391,80;
07/12/2016;248,93;266,07;266,07;266,07;267,24;266,07;233,88;266,55;255,77;234,58;243,42;265,99;265,99;214,40;266,09;272,74;272,74;
08/12/2016;229,45;229,86;229,86;229,86;229,86;280,96;200,55;206,87;229,76;222,84;226,46;229,86;229,86;212,18;280,96;280,96;280,96;
09/12/2016;226,51;232,35;232,35;232,35;232,35;253,49;218,61;232,35;222,88;219,37;219,37;232,35;232,35;206,85;253,49;257,86;257,86;
10/12/2016;223,78;234,14;234,14;234,14;234,14;234,14;208,57;225,56;228,61;218,90;219,12;234,14;234,14;207,24;234,14;236,07;236,07;
11/12/2016;224,80;236,42;236,42;236,42;236,42;236,42;213,83;234,90;228,73;220,77;221,55;236,42;236,42;208,74;236,42;236,42;236,42;
12/12/2016;271,82;320,06;320,06;320,06;320,06;320,06;303,48;319,72;307,14;232,11;232,11;279,19;279,19;215,94;320,06;320,06;320,06;
13/12/2016;252,21;261,34;261,34;261,34;290,68;284,52;259,37;290,68;258,62;236,93;236,93;248,63;248,63;216,02;284,52;284,19;292,68;
14/12/2016;272,75;303,49;303,49;303,49;322,83;325,90;301,24;322,83;246,80;240,88;239,91;264,56;264,56;215,96;325,90;325,67;326,26;
15/12/2016;264,23;297,52;297,52;297,52;332,89;332,26;249,74;332,89;294,95;239,59;239,63;277,13;277,13;213,39;332,26;332,26;334,58;
16/12/2016;271,75;324,62;324,62;342,30;345,31;342,30;299,13;345,31;332,92;237,03;237,03;296,88;296,88;208,49;342,30;342,30;345,31;
17/12/2016;241,46;257,43;257,43;257,43;263,04;257,43;246,53;263,04;251,74;235,45;234,92;246,86;246,86;198,72;257,43;259,66;263,04;
18/12/2016;235,24;244,32;244,32;244,32;252,20;244,32;238,35;252,20;239,41;230,73;230,27;236,33;236,33;200,30;244,32;244,32;252,20;
19/12/2016;245,20;252,50;252,50;252,50;278,88;256,27;252,50;278,88;251,66;234,99;234,99;234,99;234,99;214,93;256,27;256,27;278,88;
20/12/2016;237,72;242,13;242,13;242,13;306,98;242,64;241,22;306,98;241,28;230,50;230,50;235,45;235,45;218,59;242,64;242,64;306,98;
21/12/2016;221,56;222,24;222,24;222,24;222,24;228,86;221,08;273,39;222,24;221,08;221,61;222,24;222,24;215,70;228,86;228,86;229,86;
22/12/2016;217,61;218,51;218,51;218,51;272,91;224,76;216,76;272,91;218,94;216,98;216,98;216,75;216,75;210,25;227,84;248,46;274,77;
23/12/2016;207,18;202,93;202,93;202,93;202,93;204,11;194,63;198,07;210,76;210,76;210,76;205,26;205,26;204,72;204,11;206,10;206,10;
24/12/2016;190,21;161,75;161,75;161,75;161,75;161,75;49,11;78,29;209,05;209,05;209,05;184,11;184,11;184,11;161,75;161,75;161,75;
25/12/2016;185,37;160,17;160,17;160,17;160,17;160,17;-18,45;-15,38;210,47;210,47;210,47;182,66;182,66;183,17;160,17;160,17;160,17;
26/12/2016;182,41;168,69;168,69;168,69;168,69;168,69;-46,67;-46,67;209,30;209,30;209,30;168,69;168,69;181,47;168,69;168,69;168,69;
27/12/2016;198,20;189,82;189,82;189,82;189,82;192,40;35,51;72,49;210,76;210,74;210,76;202,60;202,60;200,36;192,40;192,40;192,40;
28/12/2016;227,71;231,86;231,86;231,86;240,15;240,15;221,26;233,89;230,12;224,37;224,47;221,67;221,67;208,52;240,15;240,15;240,15;
29/12/2016;225,14;226,73;226,73;226,73;227,84;237,19;223,43;227,84;226,73;223,43;224,20;224,20;224,20;209,50;237,19;237,19;237,19;
30/12/2016;216,33;213,98;213,98;213,98;213,98;218,32;213,97;213,98;218,15;218,14;218,15;213,98;213,98;212,64;218,32;218,32;218,32;
31/12/2016;198,97;173,75;173,75;173,75;173,75;173,75;173,75;173,75;209,74;209,74;209,74;190,11;190,11;190,11;173,75;173,75;173,75;